mysqldump: [Warning] Using a password on the command line interface can be insecure.
-- MySQL dump 10.13  Distrib 8.4.5, for Win64 (x86_64)
--
-- Host: localhost    Database: smart_campus
-- ------------------------------------------------------
-- Server version	8.4.5

/*!40101 SET @OLD_CHARACTER_SET_CLIENT=@@CHARACTER_SET_CLIENT */;
/*!40101 SET @OLD_CHARACTER_SET_RESULTS=@@CHARACTER_SET_RESULTS */;
/*!40101 SET @OLD_COLLATION_CONNECTION=@@COLLATION_CONNECTION */;
/*!50503 SET NAMES utf8mb4 */;
/*!40103 SET @OLD_TIME_ZONE=@@TIME_ZONE */;
/*!40103 SET TIME_ZONE='+00:00' */;
/*!40014 SET @OLD_UNIQUE_CHECKS=@@UNIQUE_CHECKS, UNIQUE_CHECKS=0 */;
/*!40014 SET @OLD_FOREIGN_KEY_CHECKS=@@FOREIGN_KEY_CHECKS, FOREIGN_KEY_CHECKS=0 */;
/*!40101 SET @OLD_SQL_MODE=@@SQL_MODE, SQL_MODE='NO_AUTO_VALUE_ON_ZERO' */;
/*!40111 SET @OLD_SQL_NOTES=@@SQL_NOTES, SQL_NOTES=0 */;

--
-- Table structure for table `ai_conversation_history`
--

DROP TABLE IF EXISTS `ai_conversation_history`;
/*!40101 SET @saved_cs_client     = @@character_set_client */;
/*!50503 SET character_set_client = utf8mb4 */;
CREATE TABLE `ai_conversation_history` (
  `id` bigint NOT NULL AUTO_INCREMENT,
  `user_id` bigint NOT NULL COMMENT '用户ID',
  `session_id` varchar(50) CHARACTER SET utf8mb4 COLLATE utf8mb4_unicode_ci DEFAULT NULL COMMENT '会话ID（用于多轮对话）',
  `question` text CHARACTER SET utf8mb4 COLLATE utf8mb4_unicode_ci NOT NULL COMMENT '用户问题',
  `answer` text CHARACTER SET utf8mb4 COLLATE utf8mb4_unicode_ci NOT NULL COMMENT 'AI回复',
  `intent_type` varchar(50) CHARACTER SET utf8mb4 COLLATE utf8mb4_unicode_ci DEFAULT NULL COMMENT '识别的意图类型',
  `matched_function_code` varchar(50) CHARACTER SET utf8mb4 COLLATE utf8mb4_unicode_ci DEFAULT NULL COMMENT '匹配的功能编码',
  `is_helpful` int DEFAULT NULL,
  `response_time` int DEFAULT NULL COMMENT '响应耗时（毫秒）',
  `created_time` datetime NOT NULL DEFAULT CURRENT_TIMESTAMP,
  PRIMARY KEY (`id`) USING BTREE,
  KEY `idx_user_session` (`user_id`,`session_id`) USING BTREE,
  KEY `idx_created_time` (`created_time`) USING BTREE,
  CONSTRAINT `ai_conversation_history_ibfk_1` FOREIGN KEY (`user_id`) REFERENCES `user` (`id`) ON DELETE RESTRICT ON UPDATE RESTRICT
) ENGINE=InnoDB AUTO_INCREMENT=13 DEFAULT CHARSET=utf8mb4 COLLATE=utf8mb4_unicode_ci ROW_FORMAT=DYNAMIC COMMENT='AI对话历史记录表';
/*!40101 SET character_set_client = @saved_cs_client */;

--
-- Dumping data for table `ai_conversation_history`
--

LOCK TABLES `ai_conversation_history` WRITE;
/*!40000 ALTER TABLE `ai_conversation_history` DISABLE KEYS */;
INSERT INTO `ai_conversation_history` VALUES (1,1,'default','你好啊','👋 嗨～你好呀！我是小智，你的校园生活小助手🤗！无论是查课表、看成绩，还是找失物招领，都可以随时问我哦～✨ 你今天想先了解哪方面的校园服务呀？',NULL,NULL,NULL,NULL,'2026-07-17 10:46:41'),(2,1,'default','我想查 成绩','🎉 查成绩超简单哒！跟着小智的步骤来：  \n1️⃣ 登录平台后，在首页找到 **「我的成绩查询」** 模块（一般在学生功能区前几个位置哦~）  \n2️⃣ 点击进去后，可以按学期筛选成绩，补考/重修的课程会有特殊标识✨  \n3️⃣ 需要打印的话，记得先截图保存呀~  \n\n如果找不到入口，随时喊小智帮你定位📍！还有其他问题也尽管问呀~ 😊',NULL,NULL,NULL,NULL,'2026-07-17 10:46:58'),(3,1,'default','hi','嗨！你好呀～我是小智，你的校园服务智能向导😊 有什么需要帮忙的吗？比如查成绩、看课表、办业务，或者想了解学校公告，都可以问我哦！',NULL,NULL,NULL,NULL,'2026-07-17 12:35:30'),(4,1,'float','你好你好','哈喽同学！👋 我是小智，你的校园智能小助手～有什么需要帮忙的吗？无论是查课表、找功能，还是咨询校园事务，我都能帮你快速搞定！😊',NULL,NULL,NULL,NULL,'2026-07-17 16:11:25'),(5,18,'float','你好','你好呀！👋 我是小智，你的校园服务智能向导！有什么需要帮忙的吗？无论是查成绩、看课表，还是找某个功能入口，都可以问我哦~😊',NULL,NULL,NULL,NULL,'2026-07-18 11:05:00'),(6,2,'float','nihao','你好呀！😊 我是小智，你的校园服务智能助手！有什么需要帮忙的吗？无论是查课表、看成绩，还是了解学校通知，我都能帮你找到对应的功能入口哦～',NULL,NULL,NULL,NULL,'2026-07-18 11:47:30'),(7,2,'float','我想选课','同学你好呀！😊 选课功能在平台里很方便哦！如果你是**学生**，可以按照以下步骤操作：\n\n1️⃣ 登录智慧校园服务平台，进入**学生角色**界面  \n2️⃣ 点击左侧菜单中的 **「课程情况总览」** 或 **「我的课表」**  \n3️⃣ 在课程情况总览里，你可以看到自己已选的课程、已修学分等信息  \n4️⃣ 如果需要**手动选课**，可以联系**管理员**（在管理员功能中“学生选课管理”模块帮你操作）\n\n小提示：选课前记得先看看**系统公告**和**学校新闻**，了解选课时间安排和注意事项哦～如果遇到选课问题，也可以直接找学院教务老师帮忙！📚✨',NULL,NULL,NULL,NULL,'2026-07-18 11:47:38'),(8,2,'float','选课在哪','选课名单在这里：<a href=\"/teacher/enrollment\" target=\"_blank\">/teacher/enrollment</a>',NULL,NULL,NULL,NULL,'2026-07-18 11:53:36'),(9,1,'float','我想选课','选课功能在 **学习中心** 里哦～你可以直接点击这里进入：  \n📚 <a href=\"/student/study\" target=\"_blank\">/student/study</a>',NULL,NULL,NULL,NULL,'2026-07-18 11:54:00'),(10,1,'float','我今天吃啥对身体好','哈哈，我虽然是智慧校园助手，但暂时还没法帮你点外卖或推荐菜谱哦！不过，如果你想了解学校食堂的营业信息或校园健康饮食建议，可以试试查看 **校园服务** 里的相关咨询：  \n<a href=\"/student/applications\" target=\"_blank\">🏠 校园服务（奖学金/竞赛/咨询/实践）</a>  \n\n或者，如果你想查查今天的课表安排，顺便去食堂吃饭，可以戳这里：  \n<a href=\"/student/study\" target=\"_blank\">📚 学习中心（课表/成绩/评教/选课）</a>  \n\n记得多吃蔬菜水果，少熬夜，身体棒棒哒！😊',NULL,NULL,NULL,NULL,'2026-07-18 11:55:01'),(11,1,'float','你好啊','你好呀！😊 我是小智，你的校园服务小帮手～有什么需要帮忙的吗？比如找功能入口、查操作流程，尽管问我！',NULL,NULL,NULL,NULL,'2026-07-18 11:57:01'),(12,1,'float','我想给一卡通充钱','好的！给一卡通充值可以直接在「智慧校园」App里操作，点首页的“一卡通”图标，选“充值”按提示支付就行。或者你也可以去校内自助充值机刷校园卡充值哦～💰 有什么其他问题随时问我呀！',NULL,NULL,NULL,NULL,'2026-07-18 11:57:13');
/*!40000 ALTER TABLE `ai_conversation_history` ENABLE KEYS */;
UNLOCK TABLES;

--
-- Table structure for table `ai_knowledge_base`
--

DROP TABLE IF EXISTS `ai_knowledge_base`;
/*!40101 SET @saved_cs_client     = @@character_set_client */;
/*!50503 SET character_set_client = utf8mb4 */;
CREATE TABLE `ai_knowledge_base` (
  `id` bigint NOT NULL AUTO_INCREMENT,
  `role_type` varchar(50) CHARACTER SET utf8mb4 COLLATE utf8mb4_unicode_ci DEFAULT 'ALL' COMMENT '适用角色: ALL/STUDENT/TEACHER/LEADER/ADMIN（逗号分隔）',
  `intent_type` varchar(20) COLLATE utf8mb4_unicode_ci NOT NULL,
  `question_keywords` varchar(500) CHARACTER SET utf8mb4 COLLATE utf8mb4_unicode_ci NOT NULL COMMENT '关键词（用|分隔，用于匹配）',
  `question_patterns` varchar(500) CHARACTER SET utf8mb4 COLLATE utf8mb4_unicode_ci DEFAULT NULL COMMENT '常见问法模板（JSON数组）',
  `function_code` varchar(50) CHARACTER SET utf8mb4 COLLATE utf8mb4_unicode_ci DEFAULT NULL COMMENT '对应功能编码（如S-07）',
  `answer_template` text CHARACTER SET utf8mb4 COLLATE utf8mb4_unicode_ci NOT NULL COMMENT '回答模板（支持变量替换{{var}}）',
  `redirect_url` varchar(255) CHARACTER SET utf8mb4 COLLATE utf8mb4_unicode_ci DEFAULT NULL COMMENT '快速跳转链接',
  `sort_order` int DEFAULT '0' COMMENT '优先级',
  `status` int DEFAULT NULL,
  `hit_count` int DEFAULT '0' COMMENT '命中次数（用于优化）',
  `created_time` datetime NOT NULL DEFAULT CURRENT_TIMESTAMP,
  `updated_time` timestamp NOT NULL DEFAULT CURRENT_TIMESTAMP,
  PRIMARY KEY (`id`) USING BTREE,
  KEY `idx_role` (`role_type`) USING BTREE,
  KEY `idx_intent` (`intent_type`) USING BTREE,
  KEY `idx_function_code` (`function_code`) USING BTREE,
  FULLTEXT KEY `idx_keywords` (`question_keywords`)
) ENGINE=InnoDB AUTO_INCREMENT=20 DEFAULT CHARSET=utf8mb4 COLLATE=utf8mb4_unicode_ci ROW_FORMAT=DYNAMIC COMMENT='AI知识库表';
/*!40101 SET character_set_client = @saved_cs_client */;

--
-- Dumping data for table `ai_knowledge_base`
--

LOCK TABLES `ai_knowledge_base` WRITE;
/*!40000 ALTER TABLE `ai_knowledge_base` DISABLE KEYS */;
INSERT INTO `ai_knowledge_base` VALUES (1,'STUDENT','FUNCTION_NAV','成绩|分数|挂科|绩点|GPA|查成绩',NULL,'S-07','您可以在「我的成绩」模块查看所有成绩记录。当前{{semester}}学期您的平均绩点为{{gpa}}，共有{{fail_count}}门课程不及格。','/student/score',0,1,0,'2026-07-16 15:53:43','2026-07-16 07:53:43'),(2,'STUDENT','FUNCTION_NAV','课表|课程表|星期|上课|教室',NULL,'S-05','您本周共有{{course_count}}节课，课表详情请点击下方链接查看。','/student/schedule',0,1,0,'2026-07-16 15:53:43','2026-07-16 07:53:43'),(3,'STUDENT','FUNCTION_NAV','选课|选修|退课|选课系统',NULL,'S-14','选课入口在「快捷入口→学生选课」。本学期选课时间为{{start_date}}至{{end_date}}，请按时完成选课。','/student/course-select',0,1,0,'2026-07-16 15:53:43','2026-07-16 07:53:43'),(4,'STUDENT','DATA_QUERY','饭卡|一卡通|消费|余额|食堂',NULL,'S-12','您的一卡通当前余额为¥{{balance}}，最近5笔消费记录已为您列出。','/student/card',0,1,0,'2026-07-16 15:53:43','2026-07-16 07:53:43'),(5,'STUDENT','PROCESS_GUIDE','贫困生|困难生|助学金|助学贷款|申请',NULL,'S-14','申请流程：①进入「快捷入口→学生申请」→②选择「{{application_type}}」→③填写申请信息并上传材料→④提交审核。所需材料：{{material_list}}','/student/application',0,1,0,'2026-07-16 15:53:43','2026-07-16 07:53:43'),(6,'STUDENT','QUERY','查成绩,我的成绩,成绩查询,考试成绩','我(想|要)查.*成绩','S-07','您好，成绩查询功能位于\"课程成绩 → 我的成绩查询\"模块。您可以按学期筛选查看在校期间所有课程成绩，补考/重修会有特殊标识。\n\n👉 [点击前往成绩查询](#)','/student/course/score',1,1,0,'2026-07-17 09:34:54','2026-07-17 01:34:54'),(7,'STUDENT','QUERY','课表,我的课表,课程表,这周有什么课','(我|我的|这周).*课表','S-05','您好，您可以在\"课程管理 → 我的课表\"中查看本学期课程安排，支持周次视图和列表视图两种展示方式。\n\n👉 [点击查看课表](#)','/student/course/schedule',2,1,0,'2026-07-17 09:34:54','2026-07-17 01:34:54'),(8,'STUDENT','QUERY','饭卡,一卡通,校园卡,余额,消费','(我|查|看).*(饭卡|一卡通|校园卡|余额)','S-12','您好，您的一卡通信息可在\"一卡通 → 一卡通信息\"中查看，包括当前余额和最近5笔消费记录。\n\n👉 [点击查看一卡通](#)','/student/card/info',3,1,0,'2026-07-17 09:34:54','2026-07-17 01:34:54'),(9,'STUDENT','QUERY','缴费,学费,欠费','(我|查|看).*(缴费|学费|欠费)','S-13','您好，学费缴费信息可在\"一卡通 → 学费缴费信息\"中查看，包括在校期间所有缴费/欠费明细。\n\n👉 [点击查看缴费](#)','/student/payment/info',4,1,0,'2026-07-17 09:34:54','2026-07-17 01:34:54'),(10,'STUDENT','GUIDE','贫困生,助学金,奖学金,困难,贷款','(怎么|如何).*(申请|办理).*(贫困生|助学金|奖学金|困难|贷款)','S-14','您好，奖学金/助学金/贷款等申请在\"学生服务 → 快捷入口\"中办理。\n\n📋 所需材料：\n1. 填写完整的申请表\n2. 家庭经济情况证明（助学金/贷款需要）\n3. 成绩单（奖学金需要）\n4. 身份证复印件\n\n👉 [点击办理](#)','/student/service/apply',5,1,0,'2026-07-17 09:34:54','2026-07-17 01:34:54'),(11,'STUDENT','QUERY','考试安排,考试时间,考试地点,座位号','(查|看|我).*(考试|考场)','S-08','您好，期末考试安排可在\"考试评教 → 考试安排查询\"中查看，包括考试时间、地点和座位号。\n\n👉 [点击查看考试安排](#)','/student/exam/arrangement',6,1,0,'2026-07-17 09:34:54','2026-07-17 01:34:54'),(12,'STUDENT','NAVIGATION','评教,评价老师','(我|怎么).*评教','S-09','您好，网上评教功能位于\"考试评教 → 网上评教\"模块。您可以对授课教师进行匿名打分评价。当前评教开放时间为2026年6月1日至7月20日。\n\n👉 [点击进入评教](#)','/student/exam/evaluation',7,1,0,'2026-07-17 09:34:54','2026-07-17 01:34:54'),(13,'TEACHER','QUERY','我的课,任课,学生名单','(我|我的|查).*(课|任课|学生名单)','T-04','您好，您可以在\"课程管理 → 任课信息查询\"中查看本周课程安排，点击课程可查看选课学生名单。\n\n👉 [点击查看任课信息](#)','/teacher/course/schedule',1,1,0,'2026-07-17 09:34:54','2026-07-17 01:34:54'),(14,'TEACHER','QUERY','录入成绩,成绩录入','(录入|登记).*成绩','T-05','您好，成绩录入功能位于\"课程管理 → 考试成绩录入\"。请选择课程和学生后录入成绩，支持通过/不及格/缓考/缺考/作弊等标识。\n\n👉 [点击录入成绩](#)','/teacher/course/score',2,1,0,'2026-07-17 09:34:54','2026-07-17 01:34:54'),(15,'LEADER','QUERY','报到率,新生,报到统计','(查|今年|新生).*报到','L-08','您好，新生报到统计位于\"数据统计 → 新生报到统计\"，可查看全校及各学院报到总数、报到率和生源地分布（含ECharts可视化图表）。\n\n👉 [点击查看统计](#)','/leader/statistics/enrollment',1,1,0,'2026-07-17 09:34:54','2026-07-17 01:34:54'),(16,'LEADER','QUERY','缴费率,欠费,注册缴费','(查|缴费率|欠费|注册缴费)','L-09','您好，注册缴费统计位于\"数据统计 → 注册缴费统计\"，可查看全校及各学院注册人数、缴费率和欠费总额。\n\n👉 [点击查看统计](#)','/leader/statistics/payment',2,1,0,'2026-07-17 09:34:54','2026-07-17 01:34:54'),(17,'LEADER','QUERY','在校生,学生数量,学生分布','(查|在校生|学生.*(数量|分布|统计))','L-11','您好，在校生总量统计位于\"数据统计 → 在校生总量统计\"，可按学院/专业/年级查看在校生分布（含ECharts饼图和柱状图）。\n\n👉 [点击查看统计](#)','/leader/statistics/student-count',3,1,0,'2026-07-17 09:34:54','2026-07-17 01:34:54'),(18,'ADMIN','QUERY','登录人数,活跃用户,系统运行','(今天|昨天|有多少).*(登录|活跃)','A-02','您好，系统运行状态可在\"系统管理 → 仪表盘\"中查看，包括今日活跃用户数、待审核注册数、待审批公文数等关键指标。\n\n👉 [点击查看仪表盘](#)','/admin/dashboard',1,1,0,'2026-07-17 09:34:54','2026-07-17 01:34:54'),(19,'ALL','NAVIGATION','帮助,功能,怎么用','(帮助|功能列表|怎么用|有哪些功能)','AI-01','您好！我是智慧校园AI助手，可以帮您：\n\n📌 **快速查询**：成绩、课表、一卡通余额、缴费信息等\n📌 **业务指引**：奖学金申请、考试报名、评教等\n📌 **数据统计**：新生报到率、缴费率、在校生分布等\n\n您可以直接输入问题，我会为您提供精准的答案和快捷入口。',NULL,99,1,0,'2026-07-17 09:34:54','2026-07-17 01:34:54');
/*!40000 ALTER TABLE `ai_knowledge_base` ENABLE KEYS */;
UNLOCK TABLES;

--
-- Table structure for table `announcement`
--

DROP TABLE IF EXISTS `announcement`;
/*!40101 SET @saved_cs_client     = @@character_set_client */;
/*!50503 SET character_set_client = utf8mb4 */;
CREATE TABLE `announcement` (
  `id` bigint NOT NULL AUTO_INCREMENT,
  `title` varchar(200) CHARACTER SET utf8mb4 COLLATE utf8mb4_unicode_ci NOT NULL COMMENT '标题',
  `content` longtext CHARACTER SET utf8mb4 COLLATE utf8mb4_unicode_ci COMMENT '内容（富文本）',
  `publisher_id` bigint NOT NULL COMMENT '发布人ID',
  `publisher_name` varchar(50) CHARACTER SET utf8mb4 COLLATE utf8mb4_unicode_ci DEFAULT NULL COMMENT '发布人姓名',
  `target_roles` varchar(100) CHARACTER SET utf8mb4 COLLATE utf8mb4_unicode_ci DEFAULT 'ALL' COMMENT '目标角色: ALL/STUDENT/TEACHER/LEADER/ADMIN 逗号分隔',
  `is_top` int DEFAULT NULL,
  `is_urgent` int DEFAULT NULL,
  `start_time` datetime DEFAULT NULL COMMENT '生效开始时间',
  `end_time` datetime DEFAULT NULL COMMENT '生效结束时间',
  `view_count` int DEFAULT '0' COMMENT '浏览次数',
  `status` varchar(20) COLLATE utf8mb4_unicode_ci DEFAULT NULL,
  `created_time` datetime NOT NULL DEFAULT CURRENT_TIMESTAMP,
  `updated_time` timestamp NOT NULL DEFAULT CURRENT_TIMESTAMP ON UPDATE CURRENT_TIMESTAMP,
  PRIMARY KEY (`id`) USING BTREE,
  KEY `publisher_id` (`publisher_id`) USING BTREE,
  KEY `idx_target_roles` (`target_roles`) USING BTREE,
  KEY `idx_is_top` (`is_top`) USING BTREE,
  KEY `idx_start_end_time` (`start_time`,`end_time`) USING BTREE,
  KEY `idx_status` (`status`) USING BTREE,
  CONSTRAINT `announcement_ibfk_1` FOREIGN KEY (`publisher_id`) REFERENCES `user` (`id`) ON DELETE RESTRICT ON UPDATE RESTRICT
) ENGINE=InnoDB AUTO_INCREMENT=6 DEFAULT CHARSET=utf8mb4 COLLATE=utf8mb4_unicode_ci ROW_FORMAT=DYNAMIC COMMENT='系统公告表';
/*!40101 SET character_set_client = @saved_cs_client */;

--
-- Dumping data for table `announcement`
--

LOCK TABLES `announcement` WRITE;
/*!40000 ALTER TABLE `announcement` DISABLE KEYS */;
INSERT INTO `announcement` VALUES (1,'关于2025-2026学年第二学期期末考试安排的通知','<p>各学院、各班级：</p><p>根据学校教学工作安排，本学期期末考试将于第18-19周（2026年7月6日-7月17日）进行。请各学院做好考试组织工作，各班级通知学生认真备考。</p><p>具体考试安排请登录系统查看\"考试安排\"模块。</p>',4,'管理员','STUDENT,TEACHER',0,0,'2026-07-01 08:00:00','2026-07-20 23:59:59',359,'PUBLISHED','2026-07-17 09:34:54','2026-07-17 08:04:18'),(2,'关于2026年暑假放假及安全注意事项的通知','<p>全校师生：</p><p>根据校历安排，2026年暑假自7月20日至8月30日，共6周。8月31日（周一）正式上课。</p><p>假期期间请注意人身安全、交通安全和财产安全，祝大家暑假愉快！</p>',4,'管理员','STUDENT,TEACHER,LEADER',1,0,'2026-07-10 09:00:00','2026-09-01 23:59:59',1220,'PUBLISHED','2026-07-17 09:34:54','2026-07-18 04:41:57'),(3,'关于校园一卡通系统升级的公告','<p>各位师生：</p><p>校园一卡通系统将于7月20日-7月25日进行升级维护，期间部分功能可能受限，建议提前充值。升级后支持微信、支付宝扫码支付。</p>',4,'管理员','STUDENT,TEACHER,LEADER,ADMIN',0,1,'2026-07-15 10:00:00','2026-07-26 23:59:59',860,'PUBLISHED','2026-07-17 09:34:54','2026-07-18 03:33:19'),(4,'2026年大学生创新创业训练计划项目申报通知','<p>各学院：</p><p>2026年大学生创新创业训练计划项目申报工作现已启动。本次计划立项国家级项目20项、省级项目50项、校级项目100项。请有意申报的同学于9月15日前提交申请书。</p>',4,'管理员','STUDENT,TEACHER',0,0,'2026-06-20 08:00:00','2026-09-16 23:59:59',575,'PUBLISHED','2026-07-17 09:34:54','2026-07-17 06:03:29'),(5,'关于毕业论文（设计）检测工作的通知','<p>各学院、2027届毕业生：</p><p>根据学校毕业论文管理规定，所有毕业论文（设计）须通过学术不端检测。检测重复率不得超过30%。</p><p>第一批检测时间为2026年12月1日-15日。</p>',4,'管理员','STUDENT,TEACHER',0,0,'2026-06-15 08:00:00','2026-12-16 23:59:59',905,'PUBLISHED','2026-07-17 09:34:54','2026-07-17 06:03:29');
/*!40000 ALTER TABLE `announcement` ENABLE KEYS */;
UNLOCK TABLES;

--
-- Table structure for table `card`
--

DROP TABLE IF EXISTS `card`;
/*!40101 SET @saved_cs_client     = @@character_set_client */;
/*!50503 SET character_set_client = utf8mb4 */;
CREATE TABLE `card` (
  `id` bigint NOT NULL AUTO_INCREMENT,
  `user_id` bigint NOT NULL COMMENT '持卡人ID',
  `card_no` varchar(20) COLLATE utf8mb4_unicode_ci NOT NULL COMMENT '一卡通卡号',
  `balance` decimal(10,2) NOT NULL DEFAULT '0.00' COMMENT '当前余额',
  `card_status` varchar(10) COLLATE utf8mb4_unicode_ci DEFAULT NULL,
  `issue_date` date DEFAULT NULL COMMENT '发卡日期',
  `expire_date` date DEFAULT NULL COMMENT '有效期至',
  `daily_limit` decimal(10,2) DEFAULT '200.00' COMMENT '日消费限额',
  `created_time` datetime NOT NULL DEFAULT CURRENT_TIMESTAMP,
  `updated_time` datetime NOT NULL DEFAULT CURRENT_TIMESTAMP ON UPDATE CURRENT_TIMESTAMP,
  PRIMARY KEY (`id`) USING BTREE,
  UNIQUE KEY `uk_card_no` (`card_no`) USING BTREE,
  KEY `idx_user` (`user_id`) USING BTREE,
  KEY `idx_card_status` (`card_status`) USING BTREE,
  CONSTRAINT `fk_card_user` FOREIGN KEY (`user_id`) REFERENCES `user` (`id`) ON DELETE RESTRICT ON UPDATE RESTRICT
) ENGINE=InnoDB AUTO_INCREMENT=38 DEFAULT CHARSET=utf8mb4 COLLATE=utf8mb4_unicode_ci COMMENT='一卡通主表';
/*!40101 SET character_set_client = @saved_cs_client */;

--
-- Dumping data for table `card`
--

LOCK TABLES `card` WRITE;
/*!40000 ALTER TABLE `card` DISABLE KEYS */;
INSERT INTO `card` VALUES (1,1,'202311258801',1295.00,'NORMAL','2023-09-01','2027-07-01',200.00,'2026-07-17 09:34:54','2026-07-17 11:28:37'),(2,7,'202311200301',1015.00,'NORMAL','2023-09-01','2027-07-01',200.00,'2026-07-17 09:34:54','2026-07-17 10:45:34'),(3,8,'202311200401',395.00,'NORMAL','2023-09-01','2027-07-01',200.00,'2026-07-17 09:34:54','2026-07-18 10:02:13'),(4,11,'202411200301',245.00,'NORMAL','2024-09-01','2028-07-01',200.00,'2026-07-17 09:34:54','2026-07-18 10:02:13'),(5,14,'T202300101',235.00,'NORMAL','2023-03-01','2030-03-01',500.00,'2026-07-17 09:34:54','2026-07-18 10:02:13'),(6,2,'202311261801',1560.50,'NORMAL','2024-09-01','2027-07-01',200.00,'2026-07-18 10:01:34','2026-07-18 10:02:13'),(7,3,'202311258001',2380.00,'NORMAL','2024-09-01','2027-07-01',200.00,'2026-07-18 10:01:34','2026-07-18 10:02:13'),(8,4,'admin01',760.00,'NORMAL','2024-09-01','2027-07-01',200.00,'2026-07-18 10:01:34','2026-07-18 10:02:13'),(9,5,'202311200101',760.00,'NORMAL','2024-09-01','2027-07-01',200.00,'2026-07-18 10:01:34','2026-07-18 10:02:13'),(10,6,'202311200201',760.00,'NORMAL','2024-09-01','2027-07-01',200.00,'2026-07-18 10:01:34','2026-07-18 10:02:13'),(11,9,'202411200101',760.00,'NORMAL','2024-09-01','2027-07-01',200.00,'2026-07-18 10:01:34','2026-07-18 10:02:13'),(12,10,'202411200201',760.00,'NORMAL','2024-09-01','2027-07-01',200.00,'2026-07-18 10:01:34','2026-07-18 10:02:13'),(13,12,'202411200401',760.00,'NORMAL','2024-09-01','2027-07-01',200.00,'2026-07-18 10:01:34','2026-07-18 10:02:13'),(14,13,'202311200501',760.00,'NORMAL','2024-09-01','2027-07-01',200.00,'2026-07-18 10:01:34','2026-07-18 10:02:13'),(15,15,'202300201',760.00,'NORMAL','2024-09-01','2027-07-01',200.00,'2026-07-18 10:01:34','2026-07-18 10:02:13'),(16,16,'202300301',760.00,'NORMAL','2024-09-01','2027-07-01',200.00,'2026-07-18 10:01:34','2026-07-18 10:02:13'),(17,17,'202300401',760.00,'NORMAL','2024-09-01','2027-07-01',200.00,'2026-07-18 10:01:34','2026-07-18 10:02:13'),(18,18,'202311258901',760.00,'NORMAL','2024-09-01','2027-07-01',200.00,'2026-07-18 10:01:34','2026-07-18 10:02:13'),(21,19,'202300501',500.00,'NORMAL','2024-09-01','2027-07-01',200.00,'2026-07-18 10:26:02','2026-07-18 10:26:02'),(22,20,'202300601',500.00,'NORMAL','2024-09-01','2027-07-01',200.00,'2026-07-18 10:26:02','2026-07-18 10:26:02'),(23,21,'202300701',300.00,'NORMAL','2024-09-01','2027-07-01',200.00,'2026-07-18 10:26:02','2026-07-18 10:26:02'),(24,22,'202300801',300.00,'NORMAL','2024-09-01','2027-07-01',200.00,'2026-07-18 10:26:02','2026-07-18 10:26:02'),(25,23,'202311201001',300.00,'NORMAL','2024-09-01','2027-07-01',200.00,'2026-07-18 10:26:02','2026-07-18 10:26:02'),(26,24,'202311201101',300.00,'NORMAL','2024-09-01','2027-07-01',200.00,'2026-07-18 10:26:02','2026-07-18 10:26:02'),(27,25,'202411201001',300.00,'NORMAL','2024-09-01','2027-07-01',200.00,'2026-07-18 10:26:02','2026-07-18 10:26:02'),(28,26,'202300901',300.00,'NORMAL','2024-09-01','2027-07-01',200.00,'2026-07-18 10:26:02','2026-07-18 10:26:02'),(29,27,'202301001',300.00,'NORMAL','2024-09-01','2027-07-01',200.00,'2026-07-18 10:26:02','2026-07-18 10:26:02'),(30,28,'202311201201',300.00,'NORMAL','2024-09-01','2027-07-01',200.00,'2026-07-18 10:26:02','2026-07-18 10:26:02'),(31,29,'202311201301',300.00,'NORMAL','2024-09-01','2027-07-01',200.00,'2026-07-18 10:26:02','2026-07-18 10:26:02'),(32,30,'202411201101',300.00,'NORMAL','2024-09-01','2027-07-01',200.00,'2026-07-18 10:26:02','2026-07-18 10:26:02'),(33,31,'202301101',300.00,'NORMAL','2024-09-01','2027-07-01',200.00,'2026-07-18 10:26:02','2026-07-18 10:26:02'),(34,32,'202301201',300.00,'NORMAL','2024-09-01','2027-07-01',200.00,'2026-07-18 10:26:02','2026-07-18 10:26:02'),(35,33,'202311201401',300.00,'NORMAL','2024-09-01','2027-07-01',200.00,'2026-07-18 10:26:02','2026-07-18 10:26:02'),(36,34,'202311201501',300.00,'NORMAL','2024-09-01','2027-07-01',200.00,'2026-07-18 10:26:02','2026-07-18 10:26:02'),(37,35,'202411201201',300.00,'NORMAL','2024-09-01','2027-07-01',200.00,'2026-07-18 10:26:02','2026-07-18 10:26:02');
/*!40000 ALTER TABLE `card` ENABLE KEYS */;
UNLOCK TABLES;

--
-- Table structure for table `card_transaction`
--

DROP TABLE IF EXISTS `card_transaction`;
/*!40101 SET @saved_cs_client     = @@character_set_client */;
/*!50503 SET character_set_client = utf8mb4 */;
CREATE TABLE `card_transaction` (
  `id` bigint NOT NULL AUTO_INCREMENT,
  `user_id` bigint NOT NULL COMMENT '持卡人ID',
  `card_no` varchar(20) CHARACTER SET utf8mb4 COLLATE utf8mb4_unicode_ci NOT NULL COMMENT '一卡通卡号',
  `transaction_type` varchar(10) COLLATE utf8mb4_unicode_ci NOT NULL,
  `amount` decimal(10,2) NOT NULL COMMENT '交易金额',
  `balance` decimal(10,2) NOT NULL COMMENT '交易后余额',
  `merchant` varchar(100) CHARACTER SET utf8mb4 COLLATE utf8mb4_unicode_ci DEFAULT NULL COMMENT '商户名称（如：第一食堂）',
  `transaction_time` datetime NOT NULL COMMENT '交易时间',
  `transaction_no` varchar(50) CHARACTER SET utf8mb4 COLLATE utf8mb4_unicode_ci DEFAULT NULL COMMENT '交易流水号',
  `sync_status` int DEFAULT NULL,
  `created_time` datetime NOT NULL DEFAULT CURRENT_TIMESTAMP,
  PRIMARY KEY (`id`) USING BTREE,
  UNIQUE KEY `transaction_no` (`transaction_no`) USING BTREE,
  KEY `idx_user_time` (`user_id`,`transaction_time`) USING BTREE,
  KEY `idx_transaction_no` (`transaction_no`) USING BTREE,
  CONSTRAINT `card_transaction_ibfk_1` FOREIGN KEY (`user_id`) REFERENCES `user` (`id`) ON DELETE RESTRICT ON UPDATE RESTRICT
) ENGINE=InnoDB AUTO_INCREMENT=353 DEFAULT CHARSET=utf8mb4 COLLATE=utf8mb4_unicode_ci ROW_FORMAT=DYNAMIC COMMENT='一卡通交易记录表';
/*!40101 SET character_set_client = @saved_cs_client */;

--
-- Dumping data for table `card_transaction`
--

LOCK TABLES `card_transaction` WRITE;
/*!40000 ALTER TABLE `card_transaction` DISABLE KEYS */;
INSERT INTO `card_transaction` VALUES (1,1,'202311258801','CONSUME',12.00,256.50,'第一食堂二楼3号窗口','2026-07-16 12:05:00','TXN202607161205001',1,'2026-07-17 09:34:54'),(2,1,'202311258801','CONSUME',8.00,268.50,'第一食堂一楼1号窗口','2026-07-15 12:10:00','TXN202607151210001',1,'2026-07-17 09:34:54'),(3,1,'202311258801','CONSUME',15.00,276.50,'第二食堂三楼5号窗口','2026-07-14 18:20:00','TXN202607141820001',1,'2026-07-17 09:34:54'),(4,1,'202311258801','CONSUME',3.50,291.50,'校园超市A区','2026-07-13 10:00:00','TXN202607131000001',1,'2026-07-17 09:34:54'),(5,1,'202311258801','RECHARGE',200.00,295.00,'支付宝充值','2026-07-10 08:00:00','TXN202607100800001',1,'2026-07-17 09:34:54'),(6,7,'202311200301','CONSUME',18.00,1080.00,'第一食堂二楼3号窗口','2026-07-16 12:30:00','TXN202607161230001',1,'2026-07-17 09:34:54'),(7,7,'202311200301','CONSUME',22.00,1098.00,'第二食堂三楼5号窗口','2026-07-15 18:00:00','TXN202607151800001',1,'2026-07-17 09:34:54'),(8,7,'202311200301','RECHARGE',500.00,1120.00,'微信充值','2026-07-10 09:00:00','TXN202607100900001',1,'2026-07-17 09:34:54'),(9,8,'202311200401','CONSUME',12.00,45.30,'第一食堂一楼1号窗口','2026-07-16 12:00:00','TXN202607161200001',1,'2026-07-17 09:34:54'),(10,8,'202311200401','CONSUME',10.00,57.30,'校园超市A区','2026-07-15 16:00:00','TXN202607151600001',1,'2026-07-17 09:34:54'),(11,11,'202411200301','CONSUME',15.00,520.00,'第二食堂三楼5号窗口','2026-07-16 12:15:00','TXN202607161215001',1,'2026-07-17 09:34:54'),(12,14,'T202300101','CONSUME',25.00,1800.00,'教工食堂','2026-07-16 12:00:00','TXN202607161200002',1,'2026-07-17 09:34:54'),(13,1,'202311258801','CONSUME',25.00,231.50,'第二食堂一楼2号窗口','2026-07-12 12:05:00','TXN-B01',1,'2026-07-17 10:45:34'),(14,1,'202311258801','CONSUME',6.50,225.00,'校园超市B区','2026-07-11 18:00:00','TXN-B02',1,'2026-07-17 10:45:34'),(15,1,'202311258801','CONSUME',18.00,207.00,'第一食堂三楼','2026-07-10 12:00:00','TXN-B03',1,'2026-07-17 10:45:34'),(16,1,'202311258801','CONSUME',12.00,195.00,'图书馆咖啡吧','2026-07-09 15:00:00','TXN-B04',1,'2026-07-17 10:45:34'),(17,7,'202311200301','CONSUME',35.00,1045.00,'第二食堂一楼','2026-07-14 12:00:00','TXN-B05',1,'2026-07-17 10:45:34'),(18,7,'202311200301','CONSUME',8.00,1037.00,'校园超市','2026-07-13 16:00:00','TXN-B06',1,'2026-07-17 10:45:34'),(19,7,'202311200301','CONSUME',22.00,1015.00,'第一食堂三楼','2026-07-12 18:00:00','TXN-B07',1,'2026-07-17 10:45:34'),(20,8,'202311200401','RECHARGE',200.00,245.30,'支付宝充值','2026-07-14 08:00:00','TXN-B08',1,'2026-07-17 10:45:34'),(21,8,'202311200401','CONSUME',15.00,230.30,'第一食堂二楼','2026-07-14 12:00:00','TXN-B09',1,'2026-07-17 10:45:34'),(22,8,'202311200401','CONSUME',28.00,202.30,'第二食堂特色窗口','2026-07-13 17:00:00','TXN-B10',1,'2026-07-17 10:45:34'),(23,1,'202311258801','RECHARGE',100.00,295.00,'在线充值','2026-07-17 11:28:26','R1784258906387',1,'2026-07-17 11:28:26'),(24,1,'202311258801','RECHARGE',1000.00,1295.00,'在线充值','2026-07-17 11:28:37','R1784258916513',1,'2026-07-17 11:28:37'),(56,2,'202311261801','RECHARGE',500.00,500.00,'支付宝充值','2026-07-11 10:02:08','RC201',1,'2026-07-18 10:02:08'),(57,3,'202311258001','RECHARGE',500.00,500.00,'支付宝充值','2026-07-11 10:02:08','RC301',1,'2026-07-18 10:02:08'),(58,4,'admin01','RECHARGE',500.00,500.00,'支付宝充值','2026-07-11 10:02:08','RC401',1,'2026-07-18 10:02:08'),(59,5,'202311200101','RECHARGE',500.00,500.00,'支付宝充值','2026-07-11 10:02:08','RC501',1,'2026-07-18 10:02:08'),(60,6,'202311200201','RECHARGE',500.00,500.00,'支付宝充值','2026-07-11 10:02:08','RC601',1,'2026-07-18 10:02:08'),(61,9,'202411200101','RECHARGE',500.00,500.00,'支付宝充值','2026-07-11 10:02:08','RC901',1,'2026-07-18 10:02:08'),(62,10,'202411200201','RECHARGE',500.00,500.00,'支付宝充值','2026-07-11 10:02:08','RC1001',1,'2026-07-18 10:02:08'),(63,12,'202411200401','RECHARGE',500.00,500.00,'支付宝充值','2026-07-11 10:02:08','RC1201',1,'2026-07-18 10:02:08'),(64,13,'202311200501','RECHARGE',500.00,500.00,'支付宝充值','2026-07-11 10:02:08','RC1301',1,'2026-07-18 10:02:08'),(65,15,'202300201','RECHARGE',500.00,500.00,'支付宝充值','2026-07-11 10:02:08','RC1501',1,'2026-07-18 10:02:08'),(66,16,'202300301','RECHARGE',500.00,500.00,'支付宝充值','2026-07-11 10:02:08','RC1601',1,'2026-07-18 10:02:08'),(67,17,'202300401','RECHARGE',500.00,500.00,'支付宝充值','2026-07-11 10:02:08','RC1701',1,'2026-07-18 10:02:08'),(68,18,'202311258901','RECHARGE',500.00,500.00,'支付宝充值','2026-07-11 10:02:08','RC1801',1,'2026-07-18 10:02:08'),(71,8,'202311200401','CONSUME',12.50,487.50,'第一食堂一楼','2026-07-12 10:02:08','RC802',1,'2026-07-18 10:02:08'),(72,11,'202411200301','CONSUME',12.50,487.50,'第一食堂一楼','2026-07-12 10:02:08','RC1102',1,'2026-07-18 10:02:08'),(73,14,'T202300101','CONSUME',12.50,487.50,'第一食堂一楼','2026-07-12 10:02:08','RC1402',1,'2026-07-18 10:02:08'),(74,2,'202311261801','CONSUME',12.50,487.50,'第一食堂一楼','2026-07-12 10:02:08','RC202',1,'2026-07-18 10:02:08'),(75,3,'202311258001','CONSUME',12.50,487.50,'第一食堂一楼','2026-07-12 10:02:08','RC302',1,'2026-07-18 10:02:08'),(76,4,'admin01','CONSUME',12.50,487.50,'第一食堂一楼','2026-07-12 10:02:08','RC402',1,'2026-07-18 10:02:08'),(77,5,'202311200101','CONSUME',12.50,487.50,'第一食堂一楼','2026-07-12 10:02:08','RC502',1,'2026-07-18 10:02:08'),(78,6,'202311200201','CONSUME',12.50,487.50,'第一食堂一楼','2026-07-12 10:02:08','RC602',1,'2026-07-18 10:02:08'),(79,9,'202411200101','CONSUME',12.50,487.50,'第一食堂一楼','2026-07-12 10:02:08','RC902',1,'2026-07-18 10:02:08'),(80,10,'202411200201','CONSUME',12.50,487.50,'第一食堂一楼','2026-07-12 10:02:08','RC1002',1,'2026-07-18 10:02:08'),(81,12,'202411200401','CONSUME',12.50,487.50,'第一食堂一楼','2026-07-12 10:02:08','RC1202',1,'2026-07-18 10:02:08'),(82,13,'202311200501','CONSUME',12.50,487.50,'第一食堂一楼','2026-07-12 10:02:08','RC1302',1,'2026-07-18 10:02:08'),(83,15,'202300201','CONSUME',12.50,487.50,'第一食堂一楼','2026-07-12 10:02:08','RC1502',1,'2026-07-18 10:02:08'),(84,16,'202300301','CONSUME',12.50,487.50,'第一食堂一楼','2026-07-12 10:02:08','RC1602',1,'2026-07-18 10:02:08'),(85,17,'202300401','CONSUME',12.50,487.50,'第一食堂一楼','2026-07-12 10:02:08','RC1702',1,'2026-07-18 10:02:08'),(86,18,'202311258901','CONSUME',12.50,487.50,'第一食堂一楼','2026-07-12 10:02:08','RC1802',1,'2026-07-18 10:02:08'),(102,8,'202311200401','CONSUME',8.00,479.50,'第二食堂二楼','2026-07-13 10:02:08','RC803',1,'2026-07-18 10:02:08'),(103,11,'202411200301','CONSUME',8.00,479.50,'第二食堂二楼','2026-07-13 10:02:08','RC1103',1,'2026-07-18 10:02:08'),(104,14,'T202300101','CONSUME',8.00,479.50,'第二食堂二楼','2026-07-13 10:02:08','RC1403',1,'2026-07-18 10:02:08'),(105,2,'202311261801','CONSUME',8.00,479.50,'第二食堂二楼','2026-07-13 10:02:08','RC203',1,'2026-07-18 10:02:08'),(106,3,'202311258001','CONSUME',8.00,479.50,'第二食堂二楼','2026-07-13 10:02:08','RC303',1,'2026-07-18 10:02:08'),(107,4,'admin01','CONSUME',8.00,479.50,'第二食堂二楼','2026-07-13 10:02:08','RC403',1,'2026-07-18 10:02:08'),(108,5,'202311200101','CONSUME',8.00,479.50,'第二食堂二楼','2026-07-13 10:02:08','RC503',1,'2026-07-18 10:02:08'),(109,6,'202311200201','CONSUME',8.00,479.50,'第二食堂二楼','2026-07-13 10:02:08','RC603',1,'2026-07-18 10:02:08'),(110,9,'202411200101','CONSUME',8.00,479.50,'第二食堂二楼','2026-07-13 10:02:08','RC903',1,'2026-07-18 10:02:08'),(111,10,'202411200201','CONSUME',8.00,479.50,'第二食堂二楼','2026-07-13 10:02:08','RC1003',1,'2026-07-18 10:02:08'),(112,12,'202411200401','CONSUME',8.00,479.50,'第二食堂二楼','2026-07-13 10:02:08','RC1203',1,'2026-07-18 10:02:08'),(113,13,'202311200501','CONSUME',8.00,479.50,'第二食堂二楼','2026-07-13 10:02:08','RC1303',1,'2026-07-18 10:02:08'),(114,15,'202300201','CONSUME',8.00,479.50,'第二食堂二楼','2026-07-13 10:02:08','RC1503',1,'2026-07-18 10:02:08'),(115,16,'202300301','CONSUME',8.00,479.50,'第二食堂二楼','2026-07-13 10:02:08','RC1603',1,'2026-07-18 10:02:08'),(116,17,'202300401','CONSUME',8.00,479.50,'第二食堂二楼','2026-07-13 10:02:08','RC1703',1,'2026-07-18 10:02:08'),(117,18,'202311258901','CONSUME',8.00,479.50,'第二食堂二楼','2026-07-13 10:02:08','RC1803',1,'2026-07-18 10:02:08'),(133,8,'202311200401','CONSUME',15.00,464.50,'校园超市A区','2026-07-15 10:02:08','RC804',1,'2026-07-18 10:02:08'),(134,11,'202411200301','CONSUME',15.00,464.50,'校园超市A区','2026-07-15 10:02:08','RC1104',1,'2026-07-18 10:02:08'),(135,14,'T202300101','CONSUME',15.00,464.50,'校园超市A区','2026-07-15 10:02:08','RC1404',1,'2026-07-18 10:02:08'),(136,2,'202311261801','CONSUME',15.00,464.50,'校园超市A区','2026-07-15 10:02:08','RC204',1,'2026-07-18 10:02:08'),(137,3,'202311258001','CONSUME',15.00,464.50,'校园超市A区','2026-07-15 10:02:08','RC304',1,'2026-07-18 10:02:08'),(138,4,'admin01','CONSUME',15.00,464.50,'校园超市A区','2026-07-15 10:02:08','RC404',1,'2026-07-18 10:02:08'),(139,5,'202311200101','CONSUME',15.00,464.50,'校园超市A区','2026-07-15 10:02:08','RC504',1,'2026-07-18 10:02:08'),(140,6,'202311200201','CONSUME',15.00,464.50,'校园超市A区','2026-07-15 10:02:08','RC604',1,'2026-07-18 10:02:08'),(141,9,'202411200101','CONSUME',15.00,464.50,'校园超市A区','2026-07-15 10:02:08','RC904',1,'2026-07-18 10:02:08'),(142,10,'202411200201','CONSUME',15.00,464.50,'校园超市A区','2026-07-15 10:02:08','RC1004',1,'2026-07-18 10:02:08'),(143,12,'202411200401','CONSUME',15.00,464.50,'校园超市A区','2026-07-15 10:02:08','RC1204',1,'2026-07-18 10:02:08'),(144,13,'202311200501','CONSUME',15.00,464.50,'校园超市A区','2026-07-15 10:02:08','RC1304',1,'2026-07-18 10:02:08'),(145,15,'202300201','CONSUME',15.00,464.50,'校园超市A区','2026-07-15 10:02:08','RC1504',1,'2026-07-18 10:02:08'),(146,16,'202300301','CONSUME',15.00,464.50,'校园超市A区','2026-07-15 10:02:08','RC1604',1,'2026-07-18 10:02:08'),(147,17,'202300401','CONSUME',15.00,464.50,'校园超市A区','2026-07-15 10:02:08','RC1704',1,'2026-07-18 10:02:08'),(148,18,'202311258901','CONSUME',15.00,464.50,'校园超市A区','2026-07-15 10:02:08','RC1804',1,'2026-07-18 10:02:08'),(164,8,'202311200401','CONSUME',4.50,460.00,'图书馆打印室','2026-07-17 10:02:08','RC805',1,'2026-07-18 10:02:08'),(165,11,'202411200301','CONSUME',4.50,460.00,'图书馆打印室','2026-07-17 10:02:08','RC1105',1,'2026-07-18 10:02:08'),(166,14,'T202300101','CONSUME',4.50,460.00,'图书馆打印室','2026-07-17 10:02:08','RC1405',1,'2026-07-18 10:02:08'),(167,2,'202311261801','CONSUME',4.50,460.00,'图书馆打印室','2026-07-17 10:02:08','RC205',1,'2026-07-18 10:02:08'),(168,3,'202311258001','CONSUME',4.50,460.00,'图书馆打印室','2026-07-17 10:02:08','RC305',1,'2026-07-18 10:02:08'),(169,4,'admin01','CONSUME',4.50,460.00,'图书馆打印室','2026-07-17 10:02:08','RC405',1,'2026-07-18 10:02:08'),(170,5,'202311200101','CONSUME',4.50,460.00,'图书馆打印室','2026-07-17 10:02:08','RC505',1,'2026-07-18 10:02:08'),(171,6,'202311200201','CONSUME',4.50,460.00,'图书馆打印室','2026-07-17 10:02:08','RC605',1,'2026-07-18 10:02:08'),(172,9,'202411200101','CONSUME',4.50,460.00,'图书馆打印室','2026-07-17 10:02:08','RC905',1,'2026-07-18 10:02:08'),(173,10,'202411200201','CONSUME',4.50,460.00,'图书馆打印室','2026-07-17 10:02:08','RC1005',1,'2026-07-18 10:02:08'),(174,12,'202411200401','CONSUME',4.50,460.00,'图书馆打印室','2026-07-17 10:02:08','RC1205',1,'2026-07-18 10:02:08'),(175,13,'202311200501','CONSUME',4.50,460.00,'图书馆打印室','2026-07-17 10:02:08','RC1305',1,'2026-07-18 10:02:08'),(176,15,'202300201','CONSUME',4.50,460.00,'图书馆打印室','2026-07-17 10:02:08','RC1505',1,'2026-07-18 10:02:08'),(177,16,'202300301','CONSUME',4.50,460.00,'图书馆打印室','2026-07-17 10:02:08','RC1605',1,'2026-07-18 10:02:08'),(178,17,'202300401','CONSUME',4.50,460.00,'图书馆打印室','2026-07-17 10:02:08','RC1705',1,'2026-07-18 10:02:08'),(179,18,'202311258901','CONSUME',4.50,460.00,'图书馆打印室','2026-07-17 10:02:08','RC1805',1,'2026-07-18 10:02:08'),(195,2,'202311261801','CONSUME',128.00,1432.50,'校园教材中心','2026-07-16 10:02:08','RC206',1,'2026-07-18 10:02:08'),(196,19,'202300501','RECHARGE',500.00,500.00,'支付宝充值','2026-07-13 10:26:02','TX1901',1,'2026-07-18 10:26:02'),(197,20,'202300601','RECHARGE',500.00,500.00,'支付宝充值','2026-07-13 10:26:02','TX2001',1,'2026-07-18 10:26:02'),(198,21,'202300701','RECHARGE',500.00,500.00,'支付宝充值','2026-07-13 10:26:02','TX2101',1,'2026-07-18 10:26:02'),(199,22,'202300801','RECHARGE',500.00,500.00,'支付宝充值','2026-07-13 10:26:02','TX2201',1,'2026-07-18 10:26:02'),(200,23,'202311201001','RECHARGE',500.00,500.00,'支付宝充值','2026-07-13 10:26:02','TX2301',1,'2026-07-18 10:26:02'),(201,24,'202311201101','RECHARGE',500.00,500.00,'支付宝充值','2026-07-13 10:26:02','TX2401',1,'2026-07-18 10:26:02'),(202,25,'202411201001','RECHARGE',500.00,500.00,'支付宝充值','2026-07-13 10:26:02','TX2501',1,'2026-07-18 10:26:02'),(203,26,'202300901','RECHARGE',500.00,500.00,'支付宝充值','2026-07-13 10:26:02','TX2601',1,'2026-07-18 10:26:02'),(204,27,'202301001','RECHARGE',500.00,500.00,'支付宝充值','2026-07-13 10:26:02','TX2701',1,'2026-07-18 10:26:02'),(205,28,'202311201201','RECHARGE',500.00,500.00,'支付宝充值','2026-07-13 10:26:02','TX2801',1,'2026-07-18 10:26:02'),(206,29,'202311201301','RECHARGE',500.00,500.00,'支付宝充值','2026-07-13 10:26:02','TX2901',1,'2026-07-18 10:26:02'),(207,30,'202411201101','RECHARGE',500.00,500.00,'支付宝充值','2026-07-13 10:26:02','TX3001',1,'2026-07-18 10:26:02'),(208,31,'202301101','RECHARGE',500.00,500.00,'支付宝充值','2026-07-13 10:26:02','TX3101',1,'2026-07-18 10:26:02'),(209,32,'202301201','RECHARGE',500.00,500.00,'支付宝充值','2026-07-13 10:26:02','TX3201',1,'2026-07-18 10:26:02'),(210,33,'202311201401','RECHARGE',500.00,500.00,'支付宝充值','2026-07-13 10:26:02','TX3301',1,'2026-07-18 10:26:02'),(211,34,'202311201501','RECHARGE',500.00,500.00,'支付宝充值','2026-07-13 10:26:02','TX3401',1,'2026-07-18 10:26:02'),(212,35,'202411201201','RECHARGE',500.00,500.00,'支付宝充值','2026-07-13 10:26:02','TX3501',1,'2026-07-18 10:26:02'),(227,8,'202311200401','CONSUME',8.50,491.50,'第一食堂','2026-07-15 10:26:02','TX802',1,'2026-07-18 10:26:02'),(228,11,'202411200301','CONSUME',8.50,491.50,'第一食堂','2026-07-15 10:26:02','TX1102',1,'2026-07-18 10:26:02'),(229,14,'T202300101','CONSUME',8.50,491.50,'第一食堂','2026-07-15 10:26:02','TX1402',1,'2026-07-18 10:26:02'),(230,2,'202311261801','CONSUME',8.50,491.50,'第一食堂','2026-07-15 10:26:02','TX202',1,'2026-07-18 10:26:02'),(231,3,'202311258001','CONSUME',8.50,491.50,'第一食堂','2026-07-15 10:26:02','TX302',1,'2026-07-18 10:26:02'),(232,4,'admin01','CONSUME',8.50,491.50,'第一食堂','2026-07-15 10:26:02','TX402',1,'2026-07-18 10:26:02'),(233,5,'202311200101','CONSUME',8.50,491.50,'第一食堂','2026-07-15 10:26:02','TX502',1,'2026-07-18 10:26:02'),(234,6,'202311200201','CONSUME',8.50,491.50,'第一食堂','2026-07-15 10:26:02','TX602',1,'2026-07-18 10:26:02'),(235,9,'202411200101','CONSUME',8.50,491.50,'第一食堂','2026-07-15 10:26:02','TX902',1,'2026-07-18 10:26:02'),(236,10,'202411200201','CONSUME',8.50,491.50,'第一食堂','2026-07-15 10:26:02','TX1002',1,'2026-07-18 10:26:02'),(237,12,'202411200401','CONSUME',8.50,491.50,'第一食堂','2026-07-15 10:26:02','TX1202',1,'2026-07-18 10:26:02'),(238,13,'202311200501','CONSUME',8.50,491.50,'第一食堂','2026-07-15 10:26:02','TX1302',1,'2026-07-18 10:26:02'),(239,15,'202300201','CONSUME',8.50,491.50,'第一食堂','2026-07-15 10:26:02','TX1502',1,'2026-07-18 10:26:02'),(240,16,'202300301','CONSUME',8.50,491.50,'第一食堂','2026-07-15 10:26:02','TX1602',1,'2026-07-18 10:26:02'),(241,17,'202300401','CONSUME',8.50,491.50,'第一食堂','2026-07-15 10:26:02','TX1702',1,'2026-07-18 10:26:02'),(242,18,'202311258901','CONSUME',8.50,491.50,'第一食堂','2026-07-15 10:26:02','TX1802',1,'2026-07-18 10:26:02'),(243,19,'202300501','CONSUME',8.50,491.50,'第一食堂','2026-07-15 10:26:02','TX1902',1,'2026-07-18 10:26:02'),(244,20,'202300601','CONSUME',8.50,491.50,'第一食堂','2026-07-15 10:26:02','TX2002',1,'2026-07-18 10:26:02'),(245,21,'202300701','CONSUME',8.50,491.50,'第一食堂','2026-07-15 10:26:02','TX2102',1,'2026-07-18 10:26:02'),(246,22,'202300801','CONSUME',8.50,491.50,'第一食堂','2026-07-15 10:26:02','TX2202',1,'2026-07-18 10:26:02'),(247,23,'202311201001','CONSUME',8.50,491.50,'第一食堂','2026-07-15 10:26:02','TX2302',1,'2026-07-18 10:26:02'),(248,24,'202311201101','CONSUME',8.50,491.50,'第一食堂','2026-07-15 10:26:02','TX2402',1,'2026-07-18 10:26:02'),(249,25,'202411201001','CONSUME',8.50,491.50,'第一食堂','2026-07-15 10:26:02','TX2502',1,'2026-07-18 10:26:02'),(250,26,'202300901','CONSUME',8.50,491.50,'第一食堂','2026-07-15 10:26:02','TX2602',1,'2026-07-18 10:26:02'),(251,27,'202301001','CONSUME',8.50,491.50,'第一食堂','2026-07-15 10:26:02','TX2702',1,'2026-07-18 10:26:02'),(252,28,'202311201201','CONSUME',8.50,491.50,'第一食堂','2026-07-15 10:26:02','TX2802',1,'2026-07-18 10:26:02'),(253,29,'202311201301','CONSUME',8.50,491.50,'第一食堂','2026-07-15 10:26:02','TX2902',1,'2026-07-18 10:26:02'),(254,30,'202411201101','CONSUME',8.50,491.50,'第一食堂','2026-07-15 10:26:02','TX3002',1,'2026-07-18 10:26:02'),(255,31,'202301101','CONSUME',8.50,491.50,'第一食堂','2026-07-15 10:26:02','TX3102',1,'2026-07-18 10:26:02'),(256,32,'202301201','CONSUME',8.50,491.50,'第一食堂','2026-07-15 10:26:02','TX3202',1,'2026-07-18 10:26:02'),(257,33,'202311201401','CONSUME',8.50,491.50,'第一食堂','2026-07-15 10:26:02','TX3302',1,'2026-07-18 10:26:02'),(258,34,'202311201501','CONSUME',8.50,491.50,'第一食堂','2026-07-15 10:26:02','TX3402',1,'2026-07-18 10:26:02'),(259,35,'202411201201','CONSUME',8.50,491.50,'第一食堂','2026-07-15 10:26:02','TX3502',1,'2026-07-18 10:26:02'),(290,8,'202311200401','CONSUME',15.00,476.50,'第二食堂','2026-07-17 10:26:02','TX803',1,'2026-07-18 10:26:02'),(291,11,'202411200301','CONSUME',15.00,476.50,'第二食堂','2026-07-17 10:26:02','TX1103',1,'2026-07-18 10:26:02'),(292,14,'T202300101','CONSUME',15.00,476.50,'第二食堂','2026-07-17 10:26:02','TX1403',1,'2026-07-18 10:26:02'),(293,2,'202311261801','CONSUME',15.00,476.50,'第二食堂','2026-07-17 10:26:02','TX203',1,'2026-07-18 10:26:02'),(294,3,'202311258001','CONSUME',15.00,476.50,'第二食堂','2026-07-17 10:26:02','TX303',1,'2026-07-18 10:26:02'),(295,4,'admin01','CONSUME',15.00,476.50,'第二食堂','2026-07-17 10:26:02','TX403',1,'2026-07-18 10:26:02'),(296,5,'202311200101','CONSUME',15.00,476.50,'第二食堂','2026-07-17 10:26:02','TX503',1,'2026-07-18 10:26:02'),(297,6,'202311200201','CONSUME',15.00,476.50,'第二食堂','2026-07-17 10:26:02','TX603',1,'2026-07-18 10:26:02'),(298,9,'202411200101','CONSUME',15.00,476.50,'第二食堂','2026-07-17 10:26:02','TX903',1,'2026-07-18 10:26:02'),(299,10,'202411200201','CONSUME',15.00,476.50,'第二食堂','2026-07-17 10:26:02','TX1003',1,'2026-07-18 10:26:02'),(300,12,'202411200401','CONSUME',15.00,476.50,'第二食堂','2026-07-17 10:26:02','TX1203',1,'2026-07-18 10:26:02'),(301,13,'202311200501','CONSUME',15.00,476.50,'第二食堂','2026-07-17 10:26:02','TX1303',1,'2026-07-18 10:26:02'),(302,15,'202300201','CONSUME',15.00,476.50,'第二食堂','2026-07-17 10:26:02','TX1503',1,'2026-07-18 10:26:02'),(303,16,'202300301','CONSUME',15.00,476.50,'第二食堂','2026-07-17 10:26:02','TX1603',1,'2026-07-18 10:26:02'),(304,17,'202300401','CONSUME',15.00,476.50,'第二食堂','2026-07-17 10:26:02','TX1703',1,'2026-07-18 10:26:02'),(305,18,'202311258901','CONSUME',15.00,476.50,'第二食堂','2026-07-17 10:26:02','TX1803',1,'2026-07-18 10:26:02'),(306,19,'202300501','CONSUME',15.00,476.50,'第二食堂','2026-07-17 10:26:02','TX1903',1,'2026-07-18 10:26:02'),(307,20,'202300601','CONSUME',15.00,476.50,'第二食堂','2026-07-17 10:26:02','TX2003',1,'2026-07-18 10:26:02'),(308,21,'202300701','CONSUME',15.00,476.50,'第二食堂','2026-07-17 10:26:02','TX2103',1,'2026-07-18 10:26:02'),(309,22,'202300801','CONSUME',15.00,476.50,'第二食堂','2026-07-17 10:26:02','TX2203',1,'2026-07-18 10:26:02'),(310,23,'202311201001','CONSUME',15.00,476.50,'第二食堂','2026-07-17 10:26:02','TX2303',1,'2026-07-18 10:26:02'),(311,24,'202311201101','CONSUME',15.00,476.50,'第二食堂','2026-07-17 10:26:02','TX2403',1,'2026-07-18 10:26:02'),(312,25,'202411201001','CONSUME',15.00,476.50,'第二食堂','2026-07-17 10:26:02','TX2503',1,'2026-07-18 10:26:02'),(313,26,'202300901','CONSUME',15.00,476.50,'第二食堂','2026-07-17 10:26:02','TX2603',1,'2026-07-18 10:26:02'),(314,27,'202301001','CONSUME',15.00,476.50,'第二食堂','2026-07-17 10:26:02','TX2703',1,'2026-07-18 10:26:02'),(315,28,'202311201201','CONSUME',15.00,476.50,'第二食堂','2026-07-17 10:26:02','TX2803',1,'2026-07-18 10:26:02'),(316,29,'202311201301','CONSUME',15.00,476.50,'第二食堂','2026-07-17 10:26:02','TX2903',1,'2026-07-18 10:26:02'),(317,30,'202411201101','CONSUME',15.00,476.50,'第二食堂','2026-07-17 10:26:02','TX3003',1,'2026-07-18 10:26:02'),(318,31,'202301101','CONSUME',15.00,476.50,'第二食堂','2026-07-17 10:26:02','TX3103',1,'2026-07-18 10:26:02'),(319,32,'202301201','CONSUME',15.00,476.50,'第二食堂','2026-07-17 10:26:02','TX3203',1,'2026-07-18 10:26:02'),(320,33,'202311201401','CONSUME',15.00,476.50,'第二食堂','2026-07-17 10:26:02','TX3303',1,'2026-07-18 10:26:02'),(321,34,'202311201501','CONSUME',15.00,476.50,'第二食堂','2026-07-17 10:26:02','TX3403',1,'2026-07-18 10:26:02'),(322,35,'202411201201','CONSUME',15.00,476.50,'第二食堂','2026-07-17 10:26:02','TX3503',1,'2026-07-18 10:26:02');
/*!40000 ALTER TABLE `card_transaction` ENABLE KEYS */;
UNLOCK TABLES;

--
-- Table structure for table `classroom`
--

DROP TABLE IF EXISTS `classroom`;
/*!40101 SET @saved_cs_client     = @@character_set_client */;
/*!50503 SET character_set_client = utf8mb4 */;
CREATE TABLE `classroom` (
  `id` bigint NOT NULL AUTO_INCREMENT,
  `room_name` varchar(50) COLLATE utf8mb4_unicode_ci NOT NULL,
  `building` varchar(50) COLLATE utf8mb4_unicode_ci DEFAULT NULL,
  `capacity` int DEFAULT '60',
  `room_type` varchar(20) COLLATE utf8mb4_unicode_ci DEFAULT '普通教室',
  `status` varchar(10) COLLATE utf8mb4_unicode_ci DEFAULT 'AVAILABLE',
  `created_time` datetime DEFAULT CURRENT_TIMESTAMP,
  PRIMARY KEY (`id`)
) ENGINE=InnoDB AUTO_INCREMENT=11 DEFAULT CHARSET=utf8mb4 COLLATE=utf8mb4_unicode_ci;
/*!40101 SET character_set_client = @saved_cs_client */;

--
-- Dumping data for table `classroom`
--

LOCK TABLES `classroom` WRITE;
/*!40000 ALTER TABLE `classroom` DISABLE KEYS */;
INSERT INTO `classroom` VALUES (1,'A201','教一楼',60,'普通教室','AVAILABLE','2026-07-17 14:40:17'),(2,'A301','教一楼',60,'普通教室','AVAILABLE','2026-07-17 14:40:17'),(3,'A302','教一楼',50,'普通教室','AVAILABLE','2026-07-17 14:40:17'),(4,'B102','教一楼',60,'多媒体教室','AVAILABLE','2026-07-17 14:40:17'),(5,'B301','教一楼',50,'多媒体教室','AVAILABLE','2026-07-17 14:40:17'),(6,'C101','教一楼',60,'阶梯教室','AVAILABLE','2026-07-17 14:40:17'),(7,'C301','实验楼',40,'实验室','AVAILABLE','2026-07-17 14:40:17'),(8,'A201','教二楼',80,'普通教室','AVAILABLE','2026-07-17 14:40:17'),(9,'B201','实验楼',30,'实验室','AVAILABLE','2026-07-17 14:40:17'),(10,'B401','教三楼',50,'多媒体教室','AVAILABLE','2026-07-17 14:40:17');
/*!40000 ALTER TABLE `classroom` ENABLE KEYS */;
UNLOCK TABLES;

--
-- Table structure for table `competition_registration`
--

DROP TABLE IF EXISTS `competition_registration`;
/*!40101 SET @saved_cs_client     = @@character_set_client */;
/*!50503 SET character_set_client = utf8mb4 */;
CREATE TABLE `competition_registration` (
  `id` bigint NOT NULL AUTO_INCREMENT,
  `competition_name` varchar(100) CHARACTER SET utf8mb4 COLLATE utf8mb4_unicode_ci NOT NULL COMMENT '竞赛名称',
  `student_id` bigint NOT NULL,
  `team_name` varchar(100) CHARACTER SET utf8mb4 COLLATE utf8mb4_unicode_ci DEFAULT NULL COMMENT '团队名称',
  `teammates` varchar(500) CHARACTER SET utf8mb4 COLLATE utf8mb4_unicode_ci DEFAULT NULL COMMENT '队友名单（JSON数组）',
  `advisor` varchar(50) CHARACTER SET utf8mb4 COLLATE utf8mb4_unicode_ci DEFAULT NULL COMMENT '指导教师',
  `status` varchar(20) COLLATE utf8mb4_unicode_ci DEFAULT NULL,
  `registration_time` timestamp NOT NULL DEFAULT CURRENT_TIMESTAMP,
  `created_time` datetime NOT NULL DEFAULT CURRENT_TIMESTAMP,
  `updated_time` timestamp NOT NULL DEFAULT CURRENT_TIMESTAMP ON UPDATE CURRENT_TIMESTAMP,
  PRIMARY KEY (`id`) USING BTREE,
  KEY `idx_student` (`student_id`) USING BTREE,
  CONSTRAINT `competition_registration_ibfk_1` FOREIGN KEY (`student_id`) REFERENCES `user` (`id`) ON DELETE RESTRICT ON UPDATE RESTRICT
) ENGINE=InnoDB AUTO_INCREMENT=7 DEFAULT CHARSET=utf8mb4 COLLATE=utf8mb4_unicode_ci ROW_FORMAT=DYNAMIC COMMENT='学科竞赛报名表';
/*!40101 SET character_set_client = @saved_cs_client */;

--
-- Dumping data for table `competition_registration`
--

LOCK TABLES `competition_registration` WRITE;
/*!40000 ALTER TABLE `competition_registration` DISABLE KEYS */;
INSERT INTO `competition_registration` VALUES (1,'全国大学生计算机设计大赛',1,'智创未来','虎一铭,李明远,王思雨','张明华','APPROVED','2026-03-15 02:00:00','2026-07-17 09:34:54','2026-07-17 01:34:54'),(2,'全国大学生数学建模竞赛',13,'数模先锋','吴昊,张浩然,刘雨桐','赵文博','PENDING','2026-07-01 06:00:00','2026-07-17 09:34:54','2026-07-17 01:34:54'),(3,'\"互联网+\"大学生创新创业大赛',7,'绿色能源团队','张浩然,李明远','李芳','APPROVED','2026-04-20 01:00:00','2026-07-17 09:34:54','2026-07-17 01:34:54'),(4,'全国大学生数学建模竞赛',5,'数学建模A组','李明远,王思雨,陈子涵','赵文博','APPROVED','2026-05-15 02:00:00','2026-07-17 10:45:34','2026-07-17 02:45:34'),(5,'蓝桥杯全国软件大赛',6,'蓝桥先锋','王思雨','张明华','PENDING','2026-06-20 06:00:00','2026-07-17 10:45:34','2026-07-17 02:45:34'),(6,'服务外包创新创业大赛',9,'创新之星','陈子涵,赵俊杰','李芳','APPROVED','2026-04-10 01:00:00','2026-07-17 10:45:34','2026-07-17 02:45:34');
/*!40000 ALTER TABLE `competition_registration` ENABLE KEYS */;
UNLOCK TABLES;

--
-- Table structure for table `consultation_appointment`
--

DROP TABLE IF EXISTS `consultation_appointment`;
/*!40101 SET @saved_cs_client     = @@character_set_client */;
/*!50503 SET character_set_client = utf8mb4 */;
CREATE TABLE `consultation_appointment` (
  `id` bigint NOT NULL AUTO_INCREMENT,
  `student_id` bigint NOT NULL,
  `consultant_name` varchar(50) CHARACTER SET utf8mb4 COLLATE utf8mb4_unicode_ci NOT NULL COMMENT '咨询师姓名',
  `appointment_date` date NOT NULL COMMENT '预约日期',
  `appointment_time` varchar(20) CHARACTER SET utf8mb4 COLLATE utf8mb4_unicode_ci NOT NULL COMMENT '预约时段（如14:00-15:00）',
  `topic` varchar(100) CHARACTER SET utf8mb4 COLLATE utf8mb4_unicode_ci DEFAULT NULL COMMENT '咨询主题',
  `status` varchar(20) COLLATE utf8mb4_unicode_ci DEFAULT NULL,
  `feedback` text CHARACTER SET utf8mb4 COLLATE utf8mb4_unicode_ci COMMENT '咨询反馈',
  `created_time` datetime NOT NULL DEFAULT CURRENT_TIMESTAMP,
  `updated_time` timestamp NOT NULL DEFAULT CURRENT_TIMESTAMP ON UPDATE CURRENT_TIMESTAMP,
  PRIMARY KEY (`id`) USING BTREE,
  KEY `idx_student_status` (`student_id`,`status`) USING BTREE,
  CONSTRAINT `consultation_appointment_ibfk_1` FOREIGN KEY (`student_id`) REFERENCES `user` (`id`) ON DELETE RESTRICT ON UPDATE RESTRICT
) ENGINE=InnoDB AUTO_INCREMENT=6 DEFAULT CHARSET=utf8mb4 COLLATE=utf8mb4_unicode_ci ROW_FORMAT=DYNAMIC COMMENT='心理咨询预约表';
/*!40101 SET character_set_client = @saved_cs_client */;

--
-- Dumping data for table `consultation_appointment`
--

LOCK TABLES `consultation_appointment` WRITE;
/*!40000 ALTER TABLE `consultation_appointment` DISABLE KEYS */;
INSERT INTO `consultation_appointment` VALUES (1,8,'陈心怡（心理咨询师）','2026-07-18','14:30-15:20','学业压力与时间管理','CONFIRMED',NULL,'2026-07-17 09:34:54','2026-07-17 01:34:54'),(2,1,'陈心怡（心理咨询师）','2026-06-15','10:00-10:50','人际关系困扰','COMPLETED','咨询效果良好，学生反馈情绪明显改善，建议继续观察。','2026-07-17 09:34:54','2026-07-17 01:34:54'),(3,6,'陈心怡（心理咨询师）','2026-07-20','10:00-10:50','考试焦虑缓解','CONFIRMED',NULL,'2026-07-17 10:45:34','2026-07-17 02:45:34'),(4,7,'陈心怡（心理咨询师）','2026-06-20','15:00-15:50','人际关系困扰','COMPLETED','咨询效果良好','2026-07-17 10:45:34','2026-07-17 02:45:34'),(5,9,'王老师（心理咨询师）','2026-07-22','14:00-14:50','学业规划迷茫','PENDING',NULL,'2026-07-17 10:45:34','2026-07-17 02:45:34');
/*!40000 ALTER TABLE `consultation_appointment` ENABLE KEYS */;
UNLOCK TABLES;

--
-- Table structure for table `course`
--

DROP TABLE IF EXISTS `course`;
/*!40101 SET @saved_cs_client     = @@character_set_client */;
/*!50503 SET character_set_client = utf8mb4 */;
CREATE TABLE `course` (
  `id` bigint NOT NULL AUTO_INCREMENT,
  `course_code` varchar(20) CHARACTER SET utf8mb4 COLLATE utf8mb4_unicode_ci NOT NULL COMMENT '课程编码',
  `course_name` varchar(100) CHARACTER SET utf8mb4 COLLATE utf8mb4_unicode_ci NOT NULL COMMENT '课程名称',
  `course_name_en` varchar(200) CHARACTER SET utf8mb4 COLLATE utf8mb4_unicode_ci DEFAULT NULL COMMENT '英文名称',
  `credit` decimal(3,1) NOT NULL COMMENT '学分',
  `hours` int NOT NULL COMMENT '总学时',
  `weekly_hours` int DEFAULT NULL COMMENT '周学时',
  `course_type` varchar(20) COLLATE utf8mb4_unicode_ci DEFAULT NULL,
  `department` varchar(100) CHARACTER SET utf8mb4 COLLATE utf8mb4_unicode_ci DEFAULT NULL COMMENT '开课院系',
  `description` text CHARACTER SET utf8mb4 COLLATE utf8mb4_unicode_ci COMMENT '课程简介',
  `status` int DEFAULT NULL,
  `created_time` datetime NOT NULL DEFAULT CURRENT_TIMESTAMP,
  `updated_time` timestamp NOT NULL DEFAULT CURRENT_TIMESTAMP ON UPDATE CURRENT_TIMESTAMP,
  PRIMARY KEY (`id`) USING BTREE,
  UNIQUE KEY `course_code` (`course_code`) USING BTREE,
  KEY `idx_course_code` (`course_code`) USING BTREE,
  KEY `idx_course_type` (`course_type`) USING BTREE
) ENGINE=InnoDB AUTO_INCREMENT=11 DEFAULT CHARSET=utf8mb4 COLLATE=utf8mb4_unicode_ci ROW_FORMAT=DYNAMIC COMMENT='课程表';
/*!40101 SET character_set_client = @saved_cs_client */;

--
-- Dumping data for table `course`
--

LOCK TABLES `course` WRITE;
/*!40000 ALTER TABLE `course` DISABLE KEYS */;
INSERT INTO `course` VALUES (1,'CS101','数据结构与算法','Data Structures and Algorithms',4.0,64,4,'REQUIRED','计算机学院','本课程介绍基本的数据结构（线性表、栈、队列、树、图）和经典算法（排序、搜索、动态规划等）。',1,'2026-07-17 09:34:54','2026-07-17 01:34:54'),(2,'CS102','操作系统原理','Operating Systems',3.5,56,4,'REQUIRED','计算机学院','学习操作系统的基本原理，包括进程管理、内存管理、文件系统和I/O管理。',1,'2026-07-17 09:34:54','2026-07-17 01:34:54'),(3,'CS103','数据库原理与应用','Database Principles',3.0,48,3,'REQUIRED','计算机学院','介绍关系数据库的基本概念、SQL语言、数据库设计和规范化理论。',1,'2026-07-17 09:34:54','2026-07-17 01:34:54'),(4,'CS201','人工智能导论','Introduction to AI',3.0,48,3,'REQUIRED','计算机学院','涵盖搜索、知识表示、机器学习、深度学习等AI核心领域的基础知识。',1,'2026-07-17 09:34:54','2026-07-17 01:34:54'),(5,'CS202','软件工程','Software Engineering',3.0,48,3,'REQUIRED','计算机学院','学习软件开发全生命周期管理，包括需求分析、系统设计、编码、测试和维护。',1,'2026-07-17 09:34:54','2026-07-17 01:34:54'),(6,'CS301','计算机网络','Computer Networks',3.5,56,4,'REQUIRED','计算机学院','学习计算机网络体系结构、各层协议、网络安全等。',1,'2026-07-17 09:34:54','2026-07-17 01:34:54'),(7,'MATH201','高等数学（下）','Advanced Mathematics II',5.0,80,5,'REQUIRED','理学院','多元函数微积分、级数、常微分方程等。',1,'2026-07-17 09:34:54','2026-07-17 01:34:54'),(8,'MATH202','线性代数','Linear Algebra',3.0,48,3,'REQUIRED','理学院','矩阵理论、线性空间、线性变换、特征值与特征向量。',1,'2026-07-17 09:34:54','2026-07-17 01:34:54'),(9,'BUS101','管理学原理','Principles of Management',3.0,48,3,'REQUIRED','经管学院','管理的基本概念、计划、组织、领导和控制职能。',1,'2026-07-17 09:34:54','2026-07-17 01:34:54'),(10,'BUS102','会计学基础','Fundamentals of Accounting',3.0,48,3,'REQUIRED','经管学院','会计基本理论、复式记账、财务报表编制与分析。',1,'2026-07-17 09:34:54','2026-07-17 01:34:54');
/*!40000 ALTER TABLE `course` ENABLE KEYS */;
UNLOCK TABLES;

--
-- Table structure for table `course_schedule`
--

DROP TABLE IF EXISTS `course_schedule`;
/*!40101 SET @saved_cs_client     = @@character_set_client */;
/*!50503 SET character_set_client = utf8mb4 */;
CREATE TABLE `course_schedule` (
  `id` bigint NOT NULL AUTO_INCREMENT,
  `course_id` bigint NOT NULL COMMENT '课程ID',
  `teacher_id` bigint NOT NULL COMMENT '授课教师ID',
  `semester` varchar(20) CHARACTER SET utf8mb4 COLLATE utf8mb4_unicode_ci NOT NULL COMMENT '学期（如2025-2026-1）',
  `class_name` varchar(50) CHARACTER SET utf8mb4 COLLATE utf8mb4_unicode_ci DEFAULT NULL COMMENT '班级名称',
  `weekday` int NOT NULL,
  `section_start` int NOT NULL,
  `section_end` int NOT NULL,
  `classroom` varchar(50) CHARACTER SET utf8mb4 COLLATE utf8mb4_unicode_ci DEFAULT NULL COMMENT '教室',
  `campus` varchar(50) CHARACTER SET utf8mb4 COLLATE utf8mb4_unicode_ci DEFAULT NULL COMMENT '校区',
  `weeks` varchar(50) CHARACTER SET utf8mb4 COLLATE utf8mb4_unicode_ci DEFAULT NULL COMMENT '周次（如1-16周）',
  `max_students` int DEFAULT NULL COMMENT '最大选课人数',
  `current_students` int DEFAULT '0' COMMENT '当前选课人数',
  `status` varchar(20) COLLATE utf8mb4_unicode_ci DEFAULT NULL,
  `created_time` datetime NOT NULL DEFAULT CURRENT_TIMESTAMP,
  `updated_time` timestamp NOT NULL DEFAULT CURRENT_TIMESTAMP ON UPDATE CURRENT_TIMESTAMP,
  PRIMARY KEY (`id`) USING BTREE,
  KEY `course_id` (`course_id`) USING BTREE,
  KEY `idx_teacher_id` (`teacher_id`) USING BTREE,
  KEY `idx_semester` (`semester`) USING BTREE,
  KEY `idx_weekday` (`weekday`) USING BTREE,
  CONSTRAINT `course_schedule_ibfk_1` FOREIGN KEY (`course_id`) REFERENCES `course` (`id`) ON DELETE RESTRICT ON UPDATE RESTRICT,
  CONSTRAINT `course_schedule_ibfk_2` FOREIGN KEY (`teacher_id`) REFERENCES `user` (`id`) ON DELETE RESTRICT ON UPDATE RESTRICT
) ENGINE=InnoDB AUTO_INCREMENT=16 DEFAULT CHARSET=utf8mb4 COLLATE=utf8mb4_unicode_ci ROW_FORMAT=DYNAMIC COMMENT='课程安排表';
/*!40101 SET character_set_client = @saved_cs_client */;

--
-- Dumping data for table `course_schedule`
--

LOCK TABLES `course_schedule` WRITE;
/*!40000 ALTER TABLE `course_schedule` DISABLE KEYS */;
INSERT INTO `course_schedule` VALUES (1,1,14,'2025-2026-2','软件2301',1,1,2,'教一楼A201','主校区','1-16',60,55,'OPEN','2026-07-17 09:34:54','2026-07-17 01:34:54'),(2,1,14,'2025-2026-2','软件2302',1,3,4,'教一楼A201','主校区','1-16',60,58,'OPEN','2026-07-17 09:34:54','2026-07-17 01:34:54'),(3,2,15,'2025-2026-2','软件2301',2,1,2,'教一楼B102','主校区','1-16',60,55,'OPEN','2026-07-17 09:34:54','2026-07-17 01:34:54'),(4,2,15,'2025-2026-2','计科2301',2,3,4,'教一楼B102','主校区','1-16',60,52,'OPEN','2026-07-17 09:34:54','2026-07-17 01:34:54'),(5,3,14,'2025-2026-2','软件2301',3,5,6,'实验楼C301','主校区','1-16',40,38,'OPEN','2026-07-17 09:34:54','2026-07-17 01:34:54'),(6,4,15,'2025-2026-2','软件2301',4,1,2,'教一楼A301','主校区','1-16',60,60,'OPEN','2026-07-17 09:34:54','2026-07-17 01:34:54'),(7,4,15,'2025-2026-2','计科2301',4,3,4,'教一楼A301','主校区','1-16',60,55,'OPEN','2026-07-17 09:34:54','2026-07-17 01:34:54'),(8,6,14,'2025-2026-2','软件2301',5,1,2,'教一楼C101','主校区','1-16',60,55,'OPEN','2026-07-17 09:34:54','2026-07-17 01:34:54'),(9,7,17,'2025-2026-2','软件2301',1,5,6,'教二楼A201','主校区','1-16',80,70,'OPEN','2026-07-17 09:34:54','2026-07-17 01:34:54'),(10,9,16,'2025-2026-2','工商2401',3,1,3,'教三楼B301','主校区','1-16',60,50,'OPEN','2026-07-17 09:34:54','2026-07-17 01:34:54'),(11,10,16,'2025-2026-2','会计2401',2,1,3,'教三楼B401','主校区','1-16',50,45,'OPEN','2026-07-17 09:34:54','2026-07-17 01:34:54'),(12,5,14,'2025-2026-2','软件2301',3,1,2,'教一楼A302','主校区','1-16',50,48,'OPEN','2026-07-17 09:34:54','2026-07-17 01:34:54'),(13,5,2,'2025-2026-2','软件2301',2,3,4,'教一楼B301','主校区','1-16',50,48,'OPEN','2026-07-17 13:31:16','2026-07-17 05:31:16'),(14,3,2,'2025-2026-2','软件2301',3,1,2,'实验楼C301','主校区','1-16',40,38,'OPEN','2026-07-17 13:31:16','2026-07-17 05:31:16');
/*!40000 ALTER TABLE `course_schedule` ENABLE KEYS */;
UNLOCK TABLES;

--
-- Table structure for table `document`
--

DROP TABLE IF EXISTS `document`;
/*!40101 SET @saved_cs_client     = @@character_set_client */;
/*!50503 SET character_set_client = utf8mb4 */;
CREATE TABLE `document` (
  `id` bigint NOT NULL AUTO_INCREMENT,
  `title` varchar(200) COLLATE utf8mb4_unicode_ci NOT NULL COMMENT '公文标题',
  `content` text COLLATE utf8mb4_unicode_ci COMMENT '公文内容',
  `document_type` varchar(10) COLLATE utf8mb4_unicode_ci NOT NULL,
  `submitter_id` bigint NOT NULL COMMENT '提交人ID',
  `submitter_name` varchar(50) COLLATE utf8mb4_unicode_ci DEFAULT NULL COMMENT '提交人姓名',
  `department` varchar(100) COLLATE utf8mb4_unicode_ci DEFAULT NULL COMMENT '提交部门',
  `status` varchar(20) COLLATE utf8mb4_unicode_ci DEFAULT NULL,
  `approver_id` bigint DEFAULT NULL COMMENT '审批人ID',
  `approver_name` varchar(50) COLLATE utf8mb4_unicode_ci DEFAULT NULL COMMENT '审批人姓名',
  `approval_comment` varchar(500) COLLATE utf8mb4_unicode_ci DEFAULT NULL COMMENT '审批意见',
  `submit_time` datetime DEFAULT NULL COMMENT '提交时间',
  `approval_time` datetime DEFAULT NULL COMMENT '审批时间',
  `created_time` datetime NOT NULL DEFAULT CURRENT_TIMESTAMP,
  `updated_time` datetime NOT NULL DEFAULT CURRENT_TIMESTAMP ON UPDATE CURRENT_TIMESTAMP,
  PRIMARY KEY (`id`) USING BTREE,
  KEY `idx_submitter` (`submitter_id`) USING BTREE,
  KEY `idx_approver` (`approver_id`) USING BTREE,
  KEY `idx_status` (`status`) USING BTREE,
  KEY `idx_submit_time` (`submit_time`) USING BTREE,
  CONSTRAINT `fk_document_submitter` FOREIGN KEY (`submitter_id`) REFERENCES `user` (`id`) ON DELETE RESTRICT ON UPDATE RESTRICT
) ENGINE=InnoDB AUTO_INCREMENT=8 DEFAULT CHARSET=utf8mb4 COLLATE=utf8mb4_unicode_ci COMMENT='公文审批表';
/*!40101 SET character_set_client = @saved_cs_client */;

--
-- Dumping data for table `document`
--

LOCK TABLES `document` WRITE;
/*!40000 ALTER TABLE `document` DISABLE KEYS */;
INSERT INTO `document` VALUES (1,'计算机学院关于采购AI实训服务器的申请','教务处：\n计算机学院2025年获批人工智能新专业，现急需采购AI实训服务器10台（含GPU集群），预算总计约120万元。请审批。\n附：设备清单及技术参数。','APPLY',14,'张明华','计算机学院','APPROVED',3,'徐娅','同意采购。请按照学校采购流程执行，确保设备质量和售后服务。','2026-06-01 10:00:00','2026-06-10 15:00:00','2026-07-17 09:34:54','2026-07-17 09:34:54'),(2,'关于2026年暑期实验室开放安排的通知','各学院：\n为方便师生暑期开展科研和实验活动，实验楼A、B区暑假期间正常开放，C区7月25日至8月20日关闭检修。请各学院通知相关师生。','NOTICE',3,'徐娅','校办','PENDING',NULL,NULL,NULL,'2026-07-15 09:00:00',NULL,'2026-07-17 09:34:54','2026-07-17 09:34:54'),(3,'经管学院关于开设\"数字经济\"新课程的申请','教务处：\n为适应数字经济发展需求，经管学院拟在2026-2027学年第一学期开设\"数字经济导论\"课程，2学分，32学时。课程大纲及教学计划附后。请审批。','APPLY',16,'王建国','经管学院','APPROVED',3,NULL,'满意','2026-07-10 14:00:00','2026-07-17 10:51:50','2026-07-17 09:34:54','2026-07-17 10:51:50'),(4,'理学院采购数学建模软件申请','校领导：\n为支持数学建模竞赛备赛，申请采购MATLAB软件授权20套，预算约8万元。','APPLY',17,'赵文博','理学院','APPROVED',3,'徐娅','同意，按规定执行。','2026-05-15 10:00:00','2026-05-20 15:00:00','2026-07-17 10:45:34','2026-07-17 10:45:34'),(5,'计算机学院暑期实训请示','教务处：\n计算机学院计划2026年暑期7月20日至8月15日开展企业实训，涉及2023级软件工程120名学生。','APPLY',14,'张明华','计算机学院','PENDING',NULL,NULL,NULL,'2026-07-01 09:00:00',NULL,'2026-07-17 10:45:34','2026-07-17 10:45:34'),(6,'1','1','APPLY',14,NULL,'1','PENDING',NULL,NULL,NULL,'2026-07-17 12:57:20',NULL,'2026-07-17 12:57:20','2026-07-17 12:57:20'),(7,'2','2','APPLY',2,NULL,'2','APPROVED',18,'徐娅','同意','2026-07-17 13:35:06','2026-07-18 10:13:27','2026-07-17 13:35:06','2026-07-18 10:13:27');
/*!40000 ALTER TABLE `document` ENABLE KEYS */;
UNLOCK TABLES;

--
-- Table structure for table `exam_arrangement`
--

DROP TABLE IF EXISTS `exam_arrangement`;
/*!40101 SET @saved_cs_client     = @@character_set_client */;
/*!50503 SET character_set_client = utf8mb4 */;
CREATE TABLE `exam_arrangement` (
  `id` bigint NOT NULL AUTO_INCREMENT,
  `course_id` bigint NOT NULL COMMENT '课程ID',
  `course_name` varchar(100) CHARACTER SET utf8mb4 COLLATE utf8mb4_unicode_ci DEFAULT NULL COMMENT '课程名称',
  `semester` varchar(20) CHARACTER SET utf8mb4 COLLATE utf8mb4_unicode_ci NOT NULL COMMENT '学期',
  `exam_name` varchar(100) CHARACTER SET utf8mb4 COLLATE utf8mb4_unicode_ci NOT NULL COMMENT '考试名称（期中/期末/补考）',
  `exam_date` date NOT NULL COMMENT '考试日期',
  `exam_time_start` time NOT NULL COMMENT '考试开始时间',
  `exam_time_end` time NOT NULL COMMENT '考试结束时间',
  `location` varchar(100) CHARACTER SET utf8mb4 COLLATE utf8mb4_unicode_ci NOT NULL COMMENT '考试地点',
  `seat_number` varchar(20) CHARACTER SET utf8mb4 COLLATE utf8mb4_unicode_ci DEFAULT NULL COMMENT '座位号（学生）',
  `supervisor_id` bigint DEFAULT NULL COMMENT '监考教师ID',
  `supervisor_name` varchar(50) CHARACTER SET utf8mb4 COLLATE utf8mb4_unicode_ci DEFAULT NULL COMMENT '监考教师姓名',
  `student_count` int DEFAULT NULL COMMENT '参考人数',
  `status` varchar(20) COLLATE utf8mb4_unicode_ci DEFAULT NULL,
  `created_time` datetime NOT NULL DEFAULT CURRENT_TIMESTAMP,
  `updated_time` timestamp NOT NULL DEFAULT CURRENT_TIMESTAMP ON UPDATE CURRENT_TIMESTAMP,
  PRIMARY KEY (`id`) USING BTREE,
  KEY `course_id` (`course_id`) USING BTREE,
  KEY `idx_semester` (`semester`) USING BTREE,
  KEY `idx_supervisor` (`supervisor_id`) USING BTREE,
  KEY `idx_exam_date` (`exam_date`) USING BTREE,
  CONSTRAINT `exam_arrangement_ibfk_1` FOREIGN KEY (`course_id`) REFERENCES `course` (`id`) ON DELETE RESTRICT ON UPDATE RESTRICT
) ENGINE=InnoDB AUTO_INCREMENT=6 DEFAULT CHARSET=utf8mb4 COLLATE=utf8mb4_unicode_ci ROW_FORMAT=DYNAMIC COMMENT='考试安排表';
/*!40101 SET character_set_client = @saved_cs_client */;

--
-- Dumping data for table `exam_arrangement`
--

LOCK TABLES `exam_arrangement` WRITE;
/*!40000 ALTER TABLE `exam_arrangement` DISABLE KEYS */;
INSERT INTO `exam_arrangement` VALUES (1,1,'数据结构与算法','2025-2026-2','期末考试','2026-07-10','09:00:00','11:00:00','教一楼A201','01-60',14,'张明华',55,'PUBLISHED','2026-07-17 09:34:54','2026-07-17 01:34:54'),(2,2,'操作系统原理','2025-2026-2','期末考试','2026-07-11','09:00:00','11:00:00','教一楼B102','01-60',15,'李芳',52,'PUBLISHED','2026-07-17 09:34:54','2026-07-17 01:34:54'),(3,3,'数据库原理与应用','2025-2026-2','期末考试','2026-07-12','14:00:00','16:00:00','实验楼C301','01-40',14,'张明华',38,'PUBLISHED','2026-07-17 09:34:54','2026-07-17 01:34:54'),(4,4,'人工智能导论','2025-2026-2','期末考试','2026-07-13','09:00:00','11:00:00','教一楼A301','01-60',15,'李芳',60,'PUBLISHED','2026-07-17 09:34:54','2026-07-17 01:34:54'),(5,7,'高等数学（下）','2025-2026-2','期末考试','2026-07-14','09:00:00','11:30:00','教二楼A201','01-80',17,'赵文博',70,'PUBLISHED','2026-07-17 09:34:54','2026-07-17 01:34:54');
/*!40000 ALTER TABLE `exam_arrangement` ENABLE KEYS */;
UNLOCK TABLES;

--
-- Table structure for table `fixed_asset`
--

DROP TABLE IF EXISTS `fixed_asset`;
/*!40101 SET @saved_cs_client     = @@character_set_client */;
/*!50503 SET character_set_client = utf8mb4 */;
CREATE TABLE `fixed_asset` (
  `id` bigint NOT NULL AUTO_INCREMENT,
  `asset_name` varchar(100) CHARACTER SET utf8mb4 COLLATE utf8mb4_unicode_ci NOT NULL COMMENT '资产名称',
  `asset_no` varchar(50) CHARACTER SET utf8mb4 COLLATE utf8mb4_unicode_ci NOT NULL COMMENT '资产编号',
  `asset_type` varchar(20) COLLATE utf8mb4_unicode_ci NOT NULL,
  `model` varchar(100) CHARACTER SET utf8mb4 COLLATE utf8mb4_unicode_ci DEFAULT NULL COMMENT '型号/规格',
  `price` decimal(12,2) NOT NULL COMMENT '资产单价',
  `purchase_date` date DEFAULT NULL COMMENT '购买日期',
  `department` varchar(100) CHARACTER SET utf8mb4 COLLATE utf8mb4_unicode_ci DEFAULT NULL COMMENT '所属部门',
  `user_id` bigint DEFAULT NULL COMMENT '领用人ID',
  `user_name` varchar(50) CHARACTER SET utf8mb4 COLLATE utf8mb4_unicode_ci DEFAULT NULL COMMENT '领用人姓名',
  `location` varchar(100) CHARACTER SET utf8mb4 COLLATE utf8mb4_unicode_ci DEFAULT NULL COMMENT '存放地点',
  `status` varchar(20) COLLATE utf8mb4_unicode_ci DEFAULT NULL,
  `scrap_date` date DEFAULT NULL COMMENT '报废日期',
  `remark` varchar(255) CHARACTER SET utf8mb4 COLLATE utf8mb4_unicode_ci DEFAULT NULL COMMENT '备注',
  `created_time` datetime NOT NULL DEFAULT CURRENT_TIMESTAMP,
  `updated_time` timestamp NOT NULL DEFAULT CURRENT_TIMESTAMP ON UPDATE CURRENT_TIMESTAMP,
  `lab_id` bigint DEFAULT NULL,
  PRIMARY KEY (`id`) USING BTREE,
  UNIQUE KEY `asset_no` (`asset_no`) USING BTREE,
  KEY `idx_user` (`user_id`) USING BTREE,
  KEY `idx_department` (`department`) USING BTREE,
  KEY `idx_status` (`status`) USING BTREE,
  CONSTRAINT `fixed_asset_ibfk_1` FOREIGN KEY (`user_id`) REFERENCES `user` (`id`) ON DELETE RESTRICT ON UPDATE RESTRICT
) ENGINE=InnoDB AUTO_INCREMENT=23 DEFAULT CHARSET=utf8mb4 COLLATE=utf8mb4_unicode_ci ROW_FORMAT=DYNAMIC COMMENT='固定资产表';
/*!40101 SET character_set_client = @saved_cs_client */;

--
-- Dumping data for table `fixed_asset`
--

LOCK TABLES `fixed_asset` WRITE;
/*!40000 ALTER TABLE `fixed_asset` DISABLE KEYS */;
INSERT INTO `fixed_asset` VALUES (1,'高性能服务器','FA20260101','IT设备','华为RH2288 V5',85000.00,'2026-01-15','计算机学院',NULL,NULL,'实验楼A401','NORMAL',NULL,'AI实训平台服务器','2026-07-17 09:34:54','2026-07-17 07:41:47',1),(2,'GPU计算卡','FA20260102','IT设备','NVIDIA A100 80G',120000.00,'2026-01-15','计算机学院',NULL,NULL,'实验楼A401','NORMAL',NULL,NULL,'2026-07-17 09:34:54','2026-07-17 07:41:47',1),(3,'投影仪','FA20260201','教学设备','EPSON CB-L730U',35000.00,'2026-03-01','经管学院',NULL,NULL,'教三楼B301','NORMAL',NULL,'多媒体教室用','2026-07-17 09:34:54','2026-07-17 01:34:54',NULL),(4,'实验台','FA20260202','家具','定制',15000.00,'2026-03-01','理学院',NULL,NULL,'实验楼B201','NORMAL',NULL,'物理实验室','2026-07-17 09:34:54','2026-07-17 07:41:47',3),(5,'笔记本电脑','FA20260301','IT设备','ThinkPad X1 Carbon',12000.00,'2025-12-01','校办',3,'徐娅','行政楼301','NORMAL',NULL,'办公用','2026-07-17 09:34:54','2026-07-17 01:34:54',NULL),(6,'空调','FA20260302','电器','格力KFR-72LW',8000.00,'2026-05-01','计算机学院',14,'张明华','教一楼A201','NORMAL',NULL,NULL,'2026-07-17 09:34:54','2026-07-17 01:34:54',NULL),(7,'深度学习工作站','FA20260701','IT设备','Dell Precision 7920',45000.00,'2026-03-01','计算机学院',NULL,NULL,'实验楼A401','NORMAL',NULL,NULL,'2026-07-17 15:49:25','2026-07-17 07:49:25',1),(8,'大数据存储阵列','FA20260702','IT设备','华为OceanStor 2600',120000.00,'2026-03-01','计算机学院',NULL,NULL,'实验楼A401','NORMAL',NULL,NULL,'2026-07-17 15:49:25','2026-07-17 07:49:25',1),(9,'软件开发终端','FA20260703','IT设备','Lenovo ThinkCentre M90a',8000.00,'2026-04-01','计算机学院',NULL,NULL,'实验楼A302','NORMAL',NULL,NULL,'2026-07-17 15:49:25','2026-07-17 07:49:25',2),(10,'投影系统','FA20260704','教学设备','EPSON CB-L730U',25000.00,'2026-04-01','计算机学院',NULL,NULL,'实验楼A302','NORMAL',NULL,NULL,'2026-07-17 15:49:25','2026-07-17 07:49:25',2),(11,'六轴工业机器人','FA20260705','教学设备','ABB IRB 1200',180000.00,'2026-02-15','理学院',NULL,NULL,'实验楼B201','NORMAL',NULL,NULL,'2026-07-17 15:49:25','2026-07-17 07:49:25',3),(12,'3D打印机','FA20260706','IT设备','Ultimaker S5',35000.00,'2026-02-15','理学院',NULL,NULL,'实验楼B201','NORMAL',NULL,NULL,'2026-07-17 15:49:25','2026-07-17 07:49:25',3),(13,'沙盘模拟系统','FA20260707','教学设备','用友ERP沙盘V5.0',60000.00,'2026-05-01','经管学院',NULL,NULL,'教三楼C401','NORMAL',NULL,NULL,'2026-07-17 15:49:25','2026-07-17 07:49:25',4),(14,'教学终端','FA20260708','IT设备','HP EliteDesk 800 G6',7000.00,'2026-05-01','经管学院',NULL,NULL,'教三楼C401','NORMAL',NULL,NULL,'2026-07-17 15:49:25','2026-07-17 07:49:25',4),(15,'高性能计算服务器','FA001','设备',NULL,85000.00,'2025-06-01','计算机学院',NULL,NULL,NULL,'NORMAL',NULL,'GPU服务器','2026-07-18 10:27:09','2026-07-18 02:27:09',NULL),(16,'多媒体投影系统','FA002','设备',NULL,32000.00,'2025-03-15','外国语学院',NULL,NULL,NULL,'NORMAL',NULL,'语言实验室投影','2026-07-18 10:27:09','2026-07-18 02:27:09',NULL),(17,'数字示波器','FA003','设备',NULL,18000.00,'2025-09-01','电子信息学院',NULL,NULL,NULL,'NORMAL',NULL,'电子实验用','2026-07-18 10:27:09','2026-07-18 02:27:09',NULL),(18,'医学影像工作站','FA004','设备',NULL,120000.00,'2025-01-10','医学院',NULL,NULL,NULL,'NORMAL',NULL,'CT/MRI','2026-07-18 10:27:09','2026-07-18 02:27:09',NULL),(19,'经济数据分析平台','FA005','软件',NULL,45000.00,'2025-05-20','经管学院',NULL,NULL,NULL,'NORMAL',NULL,'数据分析','2026-07-18 10:27:09','2026-07-18 02:27:09',NULL),(20,'物理实验仪器套装','FA006','设备',NULL,55000.00,'2024-11-01','理学院',NULL,NULL,NULL,'NORMAL',NULL,'物理实验','2026-07-18 10:27:09','2026-07-18 02:27:09',NULL),(21,'办公电脑','FA007','设备',NULL,6000.00,'2026-03-01','计算机学院',NULL,NULL,NULL,'NORMAL',NULL,'教师办公','2026-07-18 10:27:09','2026-07-18 02:27:09',NULL),(22,'空调系统','FA008','设备',NULL,25000.00,'2025-07-15','经管学院',NULL,NULL,NULL,'NORMAL',NULL,'中央空调','2026-07-18 10:27:09','2026-07-18 02:27:09',NULL);
/*!40000 ALTER TABLE `fixed_asset` ENABLE KEYS */;
UNLOCK TABLES;

--
-- Table structure for table `graduation_design`
--

DROP TABLE IF EXISTS `graduation_design`;
/*!40101 SET @saved_cs_client     = @@character_set_client */;
/*!50503 SET character_set_client = utf8mb4 */;
CREATE TABLE `graduation_design` (
  `id` bigint NOT NULL AUTO_INCREMENT,
  `student_id` bigint NOT NULL COMMENT '学生ID',
  `teacher_id` bigint NOT NULL COMMENT '指导教师ID',
  `topic_name` varchar(200) CHARACTER SET utf8mb4 COLLATE utf8mb4_unicode_ci NOT NULL COMMENT '选题名称',
  `topic_description` text CHARACTER SET utf8mb4 COLLATE utf8mb4_unicode_ci COMMENT '选题描述',
  `semester` varchar(20) CHARACTER SET utf8mb4 COLLATE utf8mb4_unicode_ci NOT NULL COMMENT '学期（如2025-2026-2）',
  `status` varchar(20) COLLATE utf8mb4_unicode_ci DEFAULT NULL,
  `teacher_comment` text CHARACTER SET utf8mb4 COLLATE utf8mb4_unicode_ci COMMENT '教师批注',
  `announcement` text CHARACTER SET utf8mb4 COLLATE utf8mb4_unicode_ci COMMENT '毕设公告',
  `submit_time` datetime DEFAULT NULL COMMENT '提交时间',
  `defense_time` datetime DEFAULT NULL COMMENT '答辩时间',
  `score` decimal(5,2) DEFAULT NULL COMMENT '成绩',
  `created_time` datetime NOT NULL DEFAULT CURRENT_TIMESTAMP,
  `updated_time` timestamp NOT NULL DEFAULT CURRENT_TIMESTAMP ON UPDATE CURRENT_TIMESTAMP,
  PRIMARY KEY (`id`) USING BTREE,
  KEY `idx_student` (`student_id`) USING BTREE,
  KEY `idx_teacher` (`teacher_id`) USING BTREE,
  KEY `idx_semester` (`semester`) USING BTREE,
  KEY `idx_status` (`status`) USING BTREE,
  CONSTRAINT `graduation_design_ibfk_1` FOREIGN KEY (`student_id`) REFERENCES `user` (`id`) ON DELETE RESTRICT ON UPDATE RESTRICT,
  CONSTRAINT `graduation_design_ibfk_2` FOREIGN KEY (`teacher_id`) REFERENCES `user` (`id`) ON DELETE RESTRICT ON UPDATE RESTRICT
) ENGINE=InnoDB AUTO_INCREMENT=5 DEFAULT CHARSET=utf8mb4 COLLATE=utf8mb4_unicode_ci ROW_FORMAT=DYNAMIC COMMENT='毕业设计管理表';
/*!40101 SET character_set_client = @saved_cs_client */;

--
-- Dumping data for table `graduation_design`
--

LOCK TABLES `graduation_design` WRITE;
/*!40000 ALTER TABLE `graduation_design` DISABLE KEYS */;
INSERT INTO `graduation_design` VALUES (2,7,15,'基于机器学习的学业预警系统','利用机器学习算法对学生成绩数据进行挖掘分析，构建学业预警模型，提前识别有挂科风险的学生。','2025-2026-2','IN_PROGRESS','研究思路清晰，数据来源可行，预警模型设计合理。','开题报告截止日期7月18日。','2026-06-05 14:00:00','2026-12-22 14:00:00',NULL,'2026-07-17 09:34:54','2026-07-17 01:34:54'),(3,8,14,'校园一卡通大数据分析平台','对校园一卡通消费数据进行大数据分析，挖掘学生消费行为模式，为学校管理决策提供数据支持。','2025-2026-2','IN_PROGRESS',NULL,NULL,'2026-06-10 09:00:00',NULL,NULL,'2026-07-17 09:34:54','2026-07-17 01:34:54'),(4,1,14,'1','1','2025-2026-2','APPROVED','',NULL,'2026-07-17 13:25:35',NULL,NULL,'2026-07-17 13:25:35','2026-07-17 05:26:17');
/*!40000 ALTER TABLE `graduation_design` ENABLE KEYS */;
UNLOCK TABLES;

--
-- Table structure for table `identity_registry`
--

DROP TABLE IF EXISTS `identity_registry`;
/*!40101 SET @saved_cs_client     = @@character_set_client */;
/*!50503 SET character_set_client = utf8mb4 */;
CREATE TABLE `identity_registry` (
  `id` bigint NOT NULL AUTO_INCREMENT,
  `identity_number` varchar(20) COLLATE utf8mb4_unicode_ci NOT NULL COMMENT '学号/工号',
  `name` varchar(50) COLLATE utf8mb4_unicode_ci NOT NULL COMMENT '姓名',
  `id_card_last6` varchar(6) COLLATE utf8mb4_unicode_ci NOT NULL COMMENT '身份证后6位',
  `role_id` bigint NOT NULL COMMENT '角色ID',
  `department` varchar(100) COLLATE utf8mb4_unicode_ci DEFAULT NULL COMMENT '院系/部门',
  `major` varchar(100) COLLATE utf8mb4_unicode_ci DEFAULT NULL COMMENT '专业(学生)',
  `grade` varchar(20) COLLATE utf8mb4_unicode_ci DEFAULT NULL COMMENT '年级',
  `class_name` varchar(50) COLLATE utf8mb4_unicode_ci DEFAULT NULL COMMENT '班级',
  `phone` varchar(15) COLLATE utf8mb4_unicode_ci DEFAULT NULL COMMENT '手机号(选填)',
  `status` int NOT NULL,
  `created_time` datetime NOT NULL DEFAULT CURRENT_TIMESTAMP,
  `updated_time` datetime NOT NULL DEFAULT CURRENT_TIMESTAMP ON UPDATE CURRENT_TIMESTAMP,
  PRIMARY KEY (`id`) USING BTREE,
  UNIQUE KEY `uk_identity_number` (`identity_number`) USING BTREE,
  KEY `idx_status` (`status`) USING BTREE,
  KEY `idx_role_id` (`role_id`),
  CONSTRAINT `fk_identity_role` FOREIGN KEY (`role_id`) REFERENCES `role` (`id`)
) ENGINE=InnoDB AUTO_INCREMENT=21 DEFAULT CHARSET=utf8mb4 COLLATE=utf8mb4_unicode_ci COMMENT='身份注册验证表';
/*!40101 SET character_set_client = @saved_cs_client */;

--
-- Dumping data for table `identity_registry`
--

LOCK TABLES `identity_registry` WRITE;
/*!40000 ALTER TABLE `identity_registry` DISABLE KEYS */;
INSERT INTO `identity_registry` VALUES (1,'2023112588','虎一铭','260412',1,'计算机学院','软件工程','2023级','软件2302','13899767523',1,'2026-07-16 17:53:35','2026-07-16 19:59:40'),(2,'1111111111','李四','234567',1,'计算机学院','软件工程','2024级','软件2401',NULL,0,'2026-07-16 17:53:35','2026-07-16 19:57:26'),(3,'2023112618','赵美婷','123456',2,'计算机学院',NULL,NULL,NULL,'13094482757',1,'2026-07-16 17:53:35','2026-07-16 20:05:34'),(4,'T002','陈老师','456789',2,'计算机学院',NULL,NULL,NULL,NULL,0,'2026-07-16 17:53:35','2026-07-16 17:53:35'),(5,'2023112580','徐娅','123456',3,'校办',NULL,NULL,NULL,'17780451742',1,'2026-07-16 17:53:35','2026-07-16 20:12:44'),(6,'admin','admin','123456',4,'信息中心',NULL,NULL,NULL,'13599785649',1,'2026-07-16 17:53:35','2026-07-16 20:17:39'),(7,'2023112001','李明远','320511',1,'计算机学院','软件工程','2023级','软件2301',NULL,0,'2026-07-17 09:34:54','2026-07-17 09:34:54'),(8,'2023112002','王思雨','320512',1,'计算机学院','软件工程','2023级','软件2301',NULL,0,'2026-07-17 09:34:54','2026-07-17 09:34:54'),(9,'2023112003','张浩然','320513',1,'计算机学院','计算机科学','2023级','计科2301',NULL,0,'2026-07-17 09:34:54','2026-07-17 09:34:54'),(10,'2023112004','刘雨桐','320514',1,'计算机学院','计算机科学','2023级','计科2301',NULL,0,'2026-07-17 09:34:54','2026-07-17 09:34:54'),(11,'2024112001','陈子涵','320515',1,'计算机学院','人工智能','2024级','人工2401',NULL,0,'2026-07-17 09:34:54','2026-07-17 09:34:54'),(12,'2024112002','赵俊杰','320516',1,'计算机学院','人工智能','2024级','人工2401',NULL,0,'2026-07-17 09:34:54','2026-07-17 09:34:54'),(13,'2024112003','孙晓萌','320517',1,'经管学院','工商管理','2024级','工商2401',NULL,0,'2026-07-17 09:34:54','2026-07-17 09:34:54'),(14,'2024112004','周小雅','320518',1,'经管学院','会计学','2024级','会计2401',NULL,0,'2026-07-17 09:34:54','2026-07-17 09:34:54'),(15,'2023112005','吴昊','320519',1,'理学院','数学与应用数学','2023级','数学2301',NULL,0,'2026-07-17 09:34:54','2026-07-17 09:34:54'),(16,'T2023001','张明华','320520',2,'计算机学院',NULL,NULL,NULL,NULL,0,'2026-07-17 09:34:54','2026-07-17 09:34:54'),(17,'T2023002','李芳','320521',2,'计算机学院',NULL,NULL,NULL,NULL,0,'2026-07-17 09:34:54','2026-07-17 09:34:54'),(18,'T2023003','王建国','320522',2,'经管学院',NULL,NULL,NULL,NULL,0,'2026-07-17 09:34:54','2026-07-17 09:34:54'),(19,'T2023004','赵文博','320523',2,'理学院',NULL,NULL,NULL,NULL,0,'2026-07-17 09:34:54','2026-07-17 09:34:54'),(20,'admin002','Ariana','123456',3,'校办',NULL,NULL,NULL,NULL,0,'2026-07-17 13:47:14','2026-07-17 13:47:14');
/*!40000 ALTER TABLE `identity_registry` ENABLE KEYS */;
UNLOCK TABLES;

--
-- Table structure for table `lab`
--

DROP TABLE IF EXISTS `lab`;
/*!40101 SET @saved_cs_client     = @@character_set_client */;
/*!50503 SET character_set_client = utf8mb4 */;
CREATE TABLE `lab` (
  `id` bigint NOT NULL AUTO_INCREMENT,
  `lab_name` varchar(100) COLLATE utf8mb4_unicode_ci NOT NULL COMMENT '实验室名称',
  `lab_code` varchar(20) COLLATE utf8mb4_unicode_ci NOT NULL COMMENT '实验室编号',
  `location` varchar(100) COLLATE utf8mb4_unicode_ci DEFAULT NULL COMMENT '所在位置（如：计算机楼301）',
  `capacity` int DEFAULT '0' COMMENT '容纳人数',
  `area` decimal(8,2) DEFAULT NULL COMMENT '面积(㎡)',
  `equipment_desc` text COLLATE utf8mb4_unicode_ci COMMENT '主要设备描述',
  `department` varchar(100) COLLATE utf8mb4_unicode_ci DEFAULT NULL COMMENT '所属院系',
  `manager_id` bigint DEFAULT NULL COMMENT '负责人ID',
  `manager_name` varchar(50) COLLATE utf8mb4_unicode_ci DEFAULT NULL COMMENT '负责人姓名',
  `lab_type` varchar(20) COLLATE utf8mb4_unicode_ci DEFAULT NULL,
  `status` varchar(20) COLLATE utf8mb4_unicode_ci DEFAULT NULL,
  `open_time` varchar(50) COLLATE utf8mb4_unicode_ci DEFAULT NULL COMMENT '开放时间描述',
  `remark` varchar(255) COLLATE utf8mb4_unicode_ci DEFAULT NULL COMMENT '备注',
  `created_time` datetime NOT NULL DEFAULT CURRENT_TIMESTAMP,
  `updated_time` datetime NOT NULL DEFAULT CURRENT_TIMESTAMP ON UPDATE CURRENT_TIMESTAMP,
  PRIMARY KEY (`id`) USING BTREE,
  UNIQUE KEY `uk_lab_code` (`lab_code`) USING BTREE,
  KEY `idx_manager` (`manager_id`) USING BTREE,
  KEY `idx_department` (`department`) USING BTREE,
  KEY `idx_status` (`status`) USING BTREE,
  CONSTRAINT `fk_lab_manager` FOREIGN KEY (`manager_id`) REFERENCES `user` (`id`) ON DELETE SET NULL ON UPDATE RESTRICT
) ENGINE=InnoDB AUTO_INCREMENT=9 DEFAULT CHARSET=utf8mb4 COLLATE=utf8mb4_unicode_ci COMMENT='实验室表';
/*!40101 SET character_set_client = @saved_cs_client */;

--
-- Dumping data for table `lab`
--

LOCK TABLES `lab` WRITE;
/*!40000 ALTER TABLE `lab` DISABLE KEYS */;
INSERT INTO `lab` VALUES (1,'AI与大数据实验室','LAB-A401','实验楼A401',40,120.00,'高性能服务器3台、GPU工作站20台、深度学习开发套件40套','计算机学院',14,'张明华','COMPUTER','OPEN','周一至周五 8:00-22:00',NULL,'2026-07-17 09:34:54','2026-07-17 09:34:54'),(2,'软件工程实验室','LAB-A302','实验楼A302',50,80.00,'高性能PC 50台、投影系统1套','计算机学院',15,'李芳','COMPUTER','OPEN','周一至周五 8:00-22:00',NULL,'2026-07-17 09:34:54','2026-07-17 09:34:54'),(3,'机器人创新实验室','LAB-B201','实验楼B201',20,60.00,'工业机器人4台、3D打印机2台、嵌入式开发板30套','理学院',17,'赵文博','PHYSICS','OPEN','周一至周五 8:00-18:00',NULL,'2026-07-17 09:34:54','2026-07-17 09:34:54'),(4,'企业经营沙盘实验室','LAB-C401','教三楼C401',30,50.00,'沙盘模拟系统1套、PC 30台','经管学院',16,'王建国','BUSINESS','MAINTENANCE','周一至周五 8:00-17:00',NULL,'2026-07-17 09:34:54','2026-07-17 09:34:54'),(5,'语言学习实验室','LAB005','外语楼301',40,80.00,'多媒体语音设备40套，同声传译系统1套','外国语学院',NULL,'钱慧','TEACHING','OPEN','周一至周五 8:00-21:00，周六 9:00-17:00','支持英语、日语等多语种学习','2026-07-18 11:09:22','2026-07-18 11:09:22'),(6,'电子设计实验室','LAB006','电子楼201',35,90.00,'示波器20台，信号发生器15台，焊接台30套','电子信息学院',NULL,'周明辉','TEACHING','OPEN','周一至周五 8:00-22:00','电子信息工程、通信工程专业实验','2026-07-18 11:09:22','2026-07-18 11:09:22'),(7,'医学技能实训中心','LAB007','医学楼101',60,200.00,'人体模型20套，显微镜30台，临床技能训练设备','医学院',NULL,'刘芳菲','TRAINING','OPEN','周一至周日 8:00-21:00','临床医学、护理学实训基地','2026-07-18 11:09:22','2026-07-18 11:09:22'),(8,'计算机网络实验室','LAB008','计算机楼505',50,100.00,'服务器10台，交换机20台，路由器15台','计算机学院',NULL,'张明华','TEACHING','OPEN','周一至周五 8:00-22:00，周六日 10:00-18:00','网络工程、网络安全实验','2026-07-18 11:09:22','2026-07-18 11:09:22');
/*!40000 ALTER TABLE `lab` ENABLE KEYS */;
UNLOCK TABLES;

--
-- Table structure for table `level_exam`
--

DROP TABLE IF EXISTS `level_exam`;
/*!40101 SET @saved_cs_client     = @@character_set_client */;
/*!50503 SET character_set_client = utf8mb4 */;
CREATE TABLE `level_exam` (
  `id` bigint NOT NULL AUTO_INCREMENT,
  `exam_name` varchar(100) CHARACTER SET utf8mb4 COLLATE utf8mb4_unicode_ci NOT NULL COMMENT '考试名称（如大学英语四级）',
  `exam_code` varchar(20) CHARACTER SET utf8mb4 COLLATE utf8mb4_unicode_ci DEFAULT NULL COMMENT '考试编码',
  `category` varchar(50) CHARACTER SET utf8mb4 COLLATE utf8mb4_unicode_ci DEFAULT NULL COMMENT '分类（英语/计算机/职业资格）',
  `level` varchar(20) CHARACTER SET utf8mb4 COLLATE utf8mb4_unicode_ci DEFAULT NULL COMMENT '等级',
  `registration_start` date DEFAULT NULL COMMENT '报名开始时间',
  `registration_end` date DEFAULT NULL COMMENT '报名结束时间',
  `exam_date` date DEFAULT NULL COMMENT '考试日期',
  `fee` decimal(10,2) DEFAULT NULL COMMENT '报名费',
  `description` text CHARACTER SET utf8mb4 COLLATE utf8mb4_unicode_ci COMMENT '考试说明',
  `status` varchar(20) COLLATE utf8mb4_unicode_ci DEFAULT NULL,
  `created_time` datetime NOT NULL DEFAULT CURRENT_TIMESTAMP,
  `updated_time` timestamp NOT NULL DEFAULT CURRENT_TIMESTAMP ON UPDATE CURRENT_TIMESTAMP,
  PRIMARY KEY (`id`) USING BTREE,
  UNIQUE KEY `exam_code` (`exam_code`) USING BTREE,
  KEY `idx_status` (`status`) USING BTREE
) ENGINE=InnoDB AUTO_INCREMENT=6 DEFAULT CHARSET=utf8mb4 COLLATE=utf8mb4_unicode_ci ROW_FORMAT=DYNAMIC COMMENT='等级考试表';
/*!40101 SET character_set_client = @saved_cs_client */;

--
-- Dumping data for table `level_exam`
--

LOCK TABLES `level_exam` WRITE;
/*!40000 ALTER TABLE `level_exam` DISABLE KEYS */;
INSERT INTO `level_exam` VALUES (1,'全国大学英语四级考试(CET-4)','CET4-202612','英语','CET-4','2026-09-01','2026-10-15','2026-12-12',30.00,'2026年下半年全国大学英语四级考试','REGISTERING','2026-07-17 09:34:54','2026-07-17 01:34:54'),(2,'全国大学英语六级考试(CET-6)','CET6-202612','英语','CET-6','2026-09-01','2026-10-15','2026-12-12',35.00,'2026年下半年全国大学英语六级考试，需通过CET-4','REGISTERING','2026-07-17 09:34:54','2026-07-17 01:34:54'),(3,'全国计算机等级考试二级(Java)','NCRE2J-202609','计算机','二级','2026-07-01','2026-08-20','2026-09-23',80.00,'全国计算机等级考试二级Java语言程序设计','REGISTERING','2026-07-17 09:34:54','2026-07-17 01:34:54'),(5,'2','2','2','2',NULL,NULL,'2026-07-14',6.00,NULL,'REGISTERING','2026-07-17 15:39:35','2026-07-17 07:39:35');
/*!40000 ALTER TABLE `level_exam` ENABLE KEYS */;
UNLOCK TABLES;

--
-- Table structure for table `level_exam_registration`
--

DROP TABLE IF EXISTS `level_exam_registration`;
/*!40101 SET @saved_cs_client     = @@character_set_client */;
/*!50503 SET character_set_client = utf8mb4 */;
CREATE TABLE `level_exam_registration` (
  `id` bigint NOT NULL AUTO_INCREMENT,
  `exam_id` bigint NOT NULL,
  `student_id` bigint NOT NULL,
  `registration_time` timestamp NOT NULL DEFAULT CURRENT_TIMESTAMP,
  `payment_status` int DEFAULT NULL,
  `exam_status` varchar(20) COLLATE utf8mb4_unicode_ci DEFAULT NULL,
  `score` decimal(5,2) DEFAULT NULL COMMENT '考试成绩',
  `is_passed` int DEFAULT NULL,
  `created_time` datetime NOT NULL DEFAULT CURRENT_TIMESTAMP,
  `updated_time` timestamp NOT NULL DEFAULT CURRENT_TIMESTAMP ON UPDATE CURRENT_TIMESTAMP,
  PRIMARY KEY (`id`) USING BTREE,
  UNIQUE KEY `uk_exam_student` (`exam_id`,`student_id`) USING BTREE,
  KEY `student_id` (`student_id`) USING BTREE,
  CONSTRAINT `level_exam_registration_ibfk_1` FOREIGN KEY (`exam_id`) REFERENCES `level_exam` (`id`) ON DELETE RESTRICT ON UPDATE RESTRICT,
  CONSTRAINT `level_exam_registration_ibfk_2` FOREIGN KEY (`student_id`) REFERENCES `user` (`id`) ON DELETE RESTRICT ON UPDATE RESTRICT
) ENGINE=InnoDB AUTO_INCREMENT=5 DEFAULT CHARSET=utf8mb4 COLLATE=utf8mb4_unicode_ci ROW_FORMAT=DYNAMIC COMMENT='等级考试报名表';
/*!40101 SET character_set_client = @saved_cs_client */;

--
-- Dumping data for table `level_exam_registration`
--

LOCK TABLES `level_exam_registration` WRITE;
/*!40000 ALTER TABLE `level_exam_registration` DISABLE KEYS */;
INSERT INTO `level_exam_registration` VALUES (1,1,1,'2026-07-10 02:00:00',1,NULL,NULL,NULL,'2026-07-17 09:34:54','2026-07-17 01:34:54'),(2,1,7,'2026-07-10 03:00:00',1,NULL,NULL,NULL,'2026-07-17 09:34:54','2026-07-17 01:34:54'),(3,1,8,'2026-07-11 01:00:00',0,NULL,NULL,NULL,'2026-07-17 09:34:54','2026-07-17 01:34:54'),(4,3,1,'2026-07-12 06:00:00',1,NULL,NULL,NULL,'2026-07-17 09:34:54','2026-07-17 01:34:54');
/*!40000 ALTER TABLE `level_exam_registration` ENABLE KEYS */;
UNLOCK TABLES;

--
-- Table structure for table `login_log`
--

DROP TABLE IF EXISTS `login_log`;
/*!40101 SET @saved_cs_client     = @@character_set_client */;
/*!50503 SET character_set_client = utf8mb4 */;
CREATE TABLE `login_log` (
  `id` bigint NOT NULL AUTO_INCREMENT,
  `user_id` bigint DEFAULT NULL COMMENT '用户ID（登录成功后记录）',
  `identity_number` varchar(20) CHARACTER SET utf8mb4 COLLATE utf8mb4_unicode_ci DEFAULT NULL COMMENT '输入的学号/工号',
  `login_type` varchar(10) COLLATE utf8mb4_unicode_ci DEFAULT NULL,
  `ip_address` varchar(50) CHARACTER SET utf8mb4 COLLATE utf8mb4_unicode_ci DEFAULT NULL COMMENT 'IP地址',
  `location` varchar(100) CHARACTER SET utf8mb4 COLLATE utf8mb4_unicode_ci DEFAULT NULL COMMENT '登录地点（IP解析）',
  `device_info` varchar(255) CHARACTER SET utf8mb4 COLLATE utf8mb4_unicode_ci DEFAULT NULL COMMENT '设备信息（User-Agent）',
  `login_time` timestamp NOT NULL DEFAULT CURRENT_TIMESTAMP COMMENT '登录时间',
  `status` varchar(10) COLLATE utf8mb4_unicode_ci DEFAULT NULL,
  `fail_reason` varchar(100) CHARACTER SET utf8mb4 COLLATE utf8mb4_unicode_ci DEFAULT NULL COMMENT '失败原因',
  PRIMARY KEY (`id`) USING BTREE,
  KEY `idx_user_id` (`user_id`) USING BTREE,
  KEY `idx_login_time` (`login_time`) USING BTREE
) ENGINE=InnoDB AUTO_INCREMENT=8 DEFAULT CHARSET=utf8mb4 COLLATE=utf8mb4_unicode_ci ROW_FORMAT=DYNAMIC COMMENT='登录日志表';
/*!40101 SET character_set_client = @saved_cs_client */;

--
-- Dumping data for table `login_log`
--

LOCK TABLES `login_log` WRITE;
/*!40000 ALTER TABLE `login_log` DISABLE KEYS */;
INSERT INTO `login_log` VALUES (1,1,'2023112588','PASSWORD','10.10.1.100','校内','Chrome/Windows','2026-07-17 01:22:20','SUCCESS',NULL),(2,1,'2023112588','PASSWORD','10.10.1.100','校内','Chrome/Windows','2026-07-16 13:09:52','SUCCESS',NULL),(3,2,'2023112618','PASSWORD','10.10.2.50','校内','Firefox/Mac','2026-07-17 01:22:20','SUCCESS',NULL),(4,3,'2023112580','PASSWORD','10.10.3.200','校内','Edge/Windows','2026-07-17 01:28:52','SUCCESS',NULL),(5,4,'admin','PASSWORD','10.10.1.1','校内','Chrome/Windows','2026-07-17 01:30:00','SUCCESS',NULL),(6,1,'2023112588','PASSWORD','10.10.1.100','校内','Chrome/Windows','2026-07-15 00:00:00','FAIL','密码错误'),(7,2,'2023112618','PASSWORD','10.10.2.50','校内','Firefox/Mac','2026-07-14 07:00:00','FAIL','密码错误');
/*!40000 ALTER TABLE `login_log` ENABLE KEYS */;
UNLOCK TABLES;

--
-- Table structure for table `news`
--

DROP TABLE IF EXISTS `news`;
/*!40101 SET @saved_cs_client     = @@character_set_client */;
/*!50503 SET character_set_client = utf8mb4 */;
CREATE TABLE `news` (
  `id` bigint NOT NULL AUTO_INCREMENT,
  `title` varchar(200) CHARACTER SET utf8mb4 COLLATE utf8mb4_unicode_ci NOT NULL COMMENT '标题',
  `summary` varchar(500) CHARACTER SET utf8mb4 COLLATE utf8mb4_unicode_ci DEFAULT NULL COMMENT '摘要',
  `content` longtext CHARACTER SET utf8mb4 COLLATE utf8mb4_unicode_ci COMMENT '内容',
  `cover_image` varchar(255) CHARACTER SET utf8mb4 COLLATE utf8mb4_unicode_ci DEFAULT NULL COMMENT '封面图URL',
  `category` varchar(50) CHARACTER SET utf8mb4 COLLATE utf8mb4_unicode_ci DEFAULT NULL COMMENT '分类（校园新闻/学术动态/通知公告）',
  `source` varchar(100) CHARACTER SET utf8mb4 COLLATE utf8mb4_unicode_ci DEFAULT NULL COMMENT '来源',
  `publisher_id` bigint NOT NULL COMMENT '发布人ID',
  `publisher_name` varchar(50) CHARACTER SET utf8mb4 COLLATE utf8mb4_unicode_ci DEFAULT NULL COMMENT '发布人姓名',
  `view_count` int DEFAULT '0' COMMENT '浏览次数',
  `like_count` int DEFAULT '0' COMMENT '点赞数',
  `status` varchar(20) COLLATE utf8mb4_unicode_ci DEFAULT NULL,
  `publish_time` datetime DEFAULT NULL COMMENT '发布时间',
  `created_time` datetime NOT NULL DEFAULT CURRENT_TIMESTAMP,
  `updated_time` timestamp NOT NULL DEFAULT CURRENT_TIMESTAMP ON UPDATE CURRENT_TIMESTAMP,
  PRIMARY KEY (`id`) USING BTREE,
  KEY `publisher_id` (`publisher_id`) USING BTREE,
  KEY `idx_category` (`category`) USING BTREE,
  KEY `idx_publish_time` (`publish_time`) USING BTREE,
  KEY `idx_status` (`status`) USING BTREE,
  CONSTRAINT `news_ibfk_1` FOREIGN KEY (`publisher_id`) REFERENCES `user` (`id`) ON DELETE RESTRICT ON UPDATE RESTRICT
) ENGINE=InnoDB AUTO_INCREMENT=5 DEFAULT CHARSET=utf8mb4 COLLATE=utf8mb4_unicode_ci ROW_FORMAT=DYNAMIC COMMENT='学校新闻表';
/*!40101 SET character_set_client = @saved_cs_client */;

--
-- Dumping data for table `news`
--

LOCK TABLES `news` WRITE;
/*!40000 ALTER TABLE `news` DISABLE KEYS */;
INSERT INTO `news` VALUES (1,'我校在2026年全国大学生计算机设计大赛中获佳绩','我校代表队荣获全国一等奖2项、二等奖3项、三等奖5项，创历史最好成绩。','<p>近日，2026年（第19届）全国大学生计算机设计大赛总决赛在厦门大学举行。我校计算机学院选派8支队伍参赛，经过激烈角逐，最终获得全国一等奖2项、二等奖3项、三等奖5项。</p><p>本次大赛共有来自全国500余所高校的3000余支队伍参赛。我校参赛作品涵盖人工智能应用、软件应用与开发、物联网应用等多个类别。</p>','news1.jpg','学校要闻','计算机学院',4,'管理员',2064,189,'PUBLISHED','2026-07-10 14:30:00','2026-07-17 09:34:54','2026-07-18 07:09:07'),(2,'我校与华为技术有限公司签署战略合作协议','双方将在人才培养、科研合作、智慧校园建设等方面开展深度合作。','<p>7月5日上午，我校与华为技术有限公司战略合作签约仪式在学术报告厅举行。华为公司副总裁张某某、校党委书记李某某出席签约仪式。</p><p>根据协议，华为将在学校设立\"华为创新人才奖学金\"，每年投入500万元用于资助优秀学子。双方还将在AI大模型、云计算、物联网等领域开展联合科研攻关。</p>','news2.jpg','学校要闻','校办',4,'管理员',3145,256,'PUBLISHED','2026-07-05 10:00:00','2026-07-17 09:34:54','2026-07-18 07:09:10'),(3,'2026年校园招聘会圆满落幕 提供岗位12000+','本次招聘会共有300余家企业参会，提供就业岗位12000余个，5000余名毕业生到场求职。','<p>6月20日，我校2026年夏季校园招聘会在体育馆举行。参加本次招聘会的企业包括阿里巴巴、腾讯、字节跳动、国家电网、中建集团等知名企业。</p><p>据统计，招聘会现场达成初步就业意向3200余人次，创历年新高。</p>','news3.jpg','就业创业','招生就业处',4,'管理员',4521,312,'PUBLISHED','2026-06-22 16:00:00','2026-07-17 09:34:54','2026-07-18 04:34:44'),(4,'图书馆新增数字化学习资源平台','学校图书馆引进了知网、万方、IEEE、ACM等40余个数据库资源。','<p>为更好服务师生教学科研需求，学校图书馆本学期新增了多个数字化学习资源平台。</p><p>目前已开通试用的新平台包括：ChatGPT学术版、AI论文写作助手、虚拟仿真实验平台等。师生可通过校园网免费访问。</p>','news4.jpg','校园生活','图书馆',4,'管理员',1521,98,'PUBLISHED','2026-06-15 09:00:00','2026-07-17 09:34:54','2026-07-18 07:09:13');
/*!40000 ALTER TABLE `news` ENABLE KEYS */;
UNLOCK TABLES;

--
-- Table structure for table `password_history`
--

DROP TABLE IF EXISTS `password_history`;
/*!40101 SET @saved_cs_client     = @@character_set_client */;
/*!50503 SET character_set_client = utf8mb4 */;
CREATE TABLE `password_history` (
  `id` bigint NOT NULL AUTO_INCREMENT,
  `user_id` bigint NOT NULL,
  `password_hash` varchar(255) CHARACTER SET utf8mb4 COLLATE utf8mb4_unicode_ci NOT NULL COMMENT '历史密码哈希',
  `created_time` datetime NOT NULL DEFAULT CURRENT_TIMESTAMP COMMENT '修改时间',
  PRIMARY KEY (`id`) USING BTREE,
  KEY `idx_user_id` (`user_id`) USING BTREE,
  CONSTRAINT `password_history_ibfk_1` FOREIGN KEY (`user_id`) REFERENCES `user` (`id`) ON DELETE CASCADE ON UPDATE RESTRICT
) ENGINE=InnoDB AUTO_INCREMENT=5 DEFAULT CHARSET=utf8mb4 COLLATE=utf8mb4_unicode_ci ROW_FORMAT=DYNAMIC COMMENT='密码历史表（最近5次）';
/*!40101 SET character_set_client = @saved_cs_client */;

--
-- Dumping data for table `password_history`
--

LOCK TABLES `password_history` WRITE;
/*!40000 ALTER TABLE `password_history` DISABLE KEYS */;
INSERT INTO `password_history` VALUES (1,1,'123456','2025-09-01 10:00:00'),(2,1,'123456','2026-02-20 10:00:00'),(3,2,'123456','2025-09-01 10:00:00'),(4,4,'123456','2025-09-01 10:00:00');
/*!40000 ALTER TABLE `password_history` ENABLE KEYS */;
UNLOCK TABLES;

--
-- Table structure for table `payment_record`
--

DROP TABLE IF EXISTS `payment_record`;
/*!40101 SET @saved_cs_client     = @@character_set_client */;
/*!50503 SET character_set_client = utf8mb4 */;
CREATE TABLE `payment_record` (
  `id` bigint NOT NULL AUTO_INCREMENT,
  `student_id` bigint NOT NULL COMMENT '学生ID',
  `semester` varchar(20) CHARACTER SET utf8mb4 COLLATE utf8mb4_unicode_ci NOT NULL COMMENT '学期',
  `payment_type` varchar(20) COLLATE utf8mb4_unicode_ci NOT NULL,
  `total_amount` decimal(10,2) NOT NULL COMMENT '应缴总额',
  `paid_amount` decimal(10,2) DEFAULT '0.00' COMMENT '已缴金额',
  `unpaid_amount` decimal(10,2) GENERATED ALWAYS AS ((`total_amount` - `paid_amount`)) STORED COMMENT '欠费金额（计算列）',
  `payment_status` varchar(10) COLLATE utf8mb4_unicode_ci DEFAULT NULL,
  `payment_time` datetime DEFAULT NULL COMMENT '缴费时间',
  `payment_method` varchar(50) CHARACTER SET utf8mb4 COLLATE utf8mb4_unicode_ci DEFAULT NULL COMMENT '支付方式（银行转账/扫码/现金）',
  `payment_no` varchar(50) CHARACTER SET utf8mb4 COLLATE utf8mb4_unicode_ci DEFAULT NULL COMMENT '缴费流水号',
  `remark` varchar(255) CHARACTER SET utf8mb4 COLLATE utf8mb4_unicode_ci DEFAULT NULL COMMENT '备注',
  `created_time` datetime NOT NULL DEFAULT CURRENT_TIMESTAMP,
  `updated_time` timestamp NOT NULL DEFAULT CURRENT_TIMESTAMP ON UPDATE CURRENT_TIMESTAMP,
  PRIMARY KEY (`id`) USING BTREE,
  UNIQUE KEY `payment_no` (`payment_no`) USING BTREE,
  KEY `idx_student_semester` (`student_id`,`semester`) USING BTREE,
  KEY `idx_payment_status` (`payment_status`) USING BTREE,
  CONSTRAINT `payment_record_ibfk_1` FOREIGN KEY (`student_id`) REFERENCES `user` (`id`) ON DELETE RESTRICT ON UPDATE RESTRICT
) ENGINE=InnoDB AUTO_INCREMENT=21 DEFAULT CHARSET=utf8mb4 COLLATE=utf8mb4_unicode_ci ROW_FORMAT=DYNAMIC COMMENT='学生缴费记录表';
/*!40101 SET character_set_client = @saved_cs_client */;

--
-- Dumping data for table `payment_record`
--

LOCK TABLES `payment_record` WRITE;
/*!40000 ALTER TABLE `payment_record` DISABLE KEYS */;
INSERT INTO `payment_record` (`id`, `student_id`, `semester`, `payment_type`, `total_amount`, `paid_amount`, `payment_status`, `payment_time`, `payment_method`, `payment_no`, `remark`, `created_time`, `updated_time`) VALUES (1,1,'2025-2026-1','TUITION',5000.00,5000.00,'PAID','2025-09-01 10:00:00','ALIPAY','PAY202509010001','2025-2026学年第一学期学费','2026-07-17 09:34:54','2026-07-17 01:34:54'),(2,1,'2025-2026-2','TUITION',5000.00,5000.00,'PAID','2026-02-20 09:00:00','ALIPAY','PAY202602200001','2025-2026学年第二学期学费','2026-07-17 09:34:54','2026-07-17 01:34:54'),(3,7,'2025-2026-1','TUITION',5000.00,5000.00,'PAID','2025-09-02 14:00:00','WECHAT','PAY202509020001',NULL,'2026-07-17 09:34:54','2026-07-17 01:34:54'),(4,7,'2025-2026-2','TUITION',5000.00,3000.00,'PARTIAL','2026-02-22 16:00:00','WECHAT','PAY202602220001','部分缴纳，欠费2000元','2026-07-17 09:34:54','2026-07-17 01:34:54'),(5,8,'2025-2026-1','TUITION',5000.00,5000.00,'PAID','2025-09-01 09:00:00','ALIPAY','PAY202509010002',NULL,'2026-07-17 09:34:54','2026-07-17 01:34:54'),(6,8,'2025-2026-2','TUITION',5000.00,0.00,'UNPAID',NULL,NULL,NULL,'尚未缴费','2026-07-17 09:34:54','2026-07-17 01:34:54'),(7,1,'2025-2026-1','DORM',1200.00,1200.00,'PAID','2025-09-01 10:00:00','ALIPAY','PAY202509010003','住宿费','2026-07-17 09:34:54','2026-07-17 01:34:54'),(8,1,'2025-2026-2','DORM',1200.00,1200.00,'PAID','2026-02-20 09:00:00','ALIPAY','PAY202602200003','住宿费','2026-07-17 09:34:54','2026-07-17 01:34:54'),(9,5,'2025-2026-1','TUITION',5000.00,5000.00,'PAID','2025-09-01 10:00:00','ALIPAY','PAY-L01','李明远','2026-07-17 10:45:34','2026-07-17 02:45:34'),(10,5,'2025-2026-2','TUITION',5000.00,5000.00,'PAID','2026-02-20 10:00:00','WECHAT','PAY-L02','李明远','2026-07-17 10:45:34','2026-07-17 02:45:34'),(11,6,'2025-2026-1','TUITION',5000.00,5000.00,'PAID','2025-09-01 11:00:00','ALIPAY','PAY-W01',NULL,'2026-07-17 10:45:34','2026-07-17 02:45:34'),(12,6,'2025-2026-2','TUITION',5000.00,2000.00,'PARTIAL','2026-02-20 11:00:00','WECHAT','PAY-W02',NULL,'2026-07-17 10:45:34','2026-07-17 02:45:34'),(13,9,'2025-2026-1','TUITION',5000.00,5000.00,'PAID','2025-09-03 09:00:00','ALIPAY','PAY-C01',NULL,'2026-07-17 10:45:34','2026-07-17 02:45:34'),(14,9,'2025-2026-2','TUITION',5000.00,0.00,'UNPAID',NULL,NULL,NULL,NULL,'2026-07-17 10:45:34','2026-07-17 02:45:34'),(15,10,'2025-2026-1','TUITION',5000.00,5000.00,'PAID','2025-09-02 14:00:00','ALIPAY','PAY-Z01',NULL,'2026-07-17 10:45:34','2026-07-17 02:45:34'),(16,10,'2025-2026-2','TUITION',5000.00,5000.00,'PAID','2026-02-21 09:00:00','WECHAT','PAY-Z02',NULL,'2026-07-17 10:45:34','2026-07-17 02:45:34'),(17,1,'2025-2026-1','DORM',1200.00,1200.00,'PAID','2025-09-01 10:00:00','ALIPAY','DORM-01',NULL,'2026-07-17 10:45:34','2026-07-17 02:45:34'),(18,5,'2025-2026-1','DORM',1200.00,1200.00,'PAID','2025-09-01 10:00:00','ALIPAY','DORM-02',NULL,'2026-07-17 10:45:34','2026-07-17 02:45:34'),(19,7,'2025-2026-1','DORM',1200.00,1200.00,'PAID','2025-09-02 09:00:00','WECHAT','DORM-03',NULL,'2026-07-17 10:45:34','2026-07-17 02:45:34'),(20,7,'2025-2026-2','DORM',1200.00,0.00,'UNPAID',NULL,NULL,NULL,NULL,'2026-07-17 10:45:34','2026-07-17 02:45:34');
/*!40000 ALTER TABLE `payment_record` ENABLE KEYS */;
UNLOCK TABLES;

--
-- Table structure for table `permission`
--

DROP TABLE IF EXISTS `permission`;
/*!40101 SET @saved_cs_client     = @@character_set_client */;
/*!50503 SET character_set_client = utf8mb4 */;
CREATE TABLE `permission` (
  `id` bigint NOT NULL AUTO_INCREMENT COMMENT '权限ID',
  `parent_id` bigint DEFAULT '0' COMMENT '父级权限ID（菜单层级）',
  `permission_name` varchar(50) CHARACTER SET utf8mb4 COLLATE utf8mb4_unicode_ci NOT NULL COMMENT '权限名称',
  `permission_code` varchar(100) CHARACTER SET utf8mb4 COLLATE utf8mb4_unicode_ci NOT NULL COMMENT '权限编码: 模块:功能:操作 (如 student:score:query)',
  `permission_type` varchar(10) COLLATE utf8mb4_unicode_ci DEFAULT NULL,
  `url` varchar(255) CHARACTER SET utf8mb4 COLLATE utf8mb4_unicode_ci DEFAULT NULL COMMENT '路由/接口路径',
  `icon` varchar(50) CHARACTER SET utf8mb4 COLLATE utf8mb4_unicode_ci DEFAULT NULL COMMENT '图标',
  `sort_order` int DEFAULT '0' COMMENT '排序',
  `status` int DEFAULT NULL,
  `created_time` datetime NOT NULL DEFAULT CURRENT_TIMESTAMP,
  PRIMARY KEY (`id`) USING BTREE,
  UNIQUE KEY `permission_code` (`permission_code`) USING BTREE,
  KEY `idx_parent` (`parent_id`) USING BTREE
) ENGINE=InnoDB AUTO_INCREMENT=32 DEFAULT CHARSET=utf8mb4 COLLATE=utf8mb4_unicode_ci ROW_FORMAT=DYNAMIC COMMENT='权限表';
/*!40101 SET character_set_client = @saved_cs_client */;

--
-- Dumping data for table `permission`
--

LOCK TABLES `permission` WRITE;
/*!40000 ALTER TABLE `permission` DISABLE KEYS */;
INSERT INTO `permission` VALUES (1,0,'仪表盘','DASHBOARD','MENU','/dashboard',NULL,1,1,'2026-07-17 10:45:34'),(2,0,'用户管理','USER_MANAGE','MENU','/users',NULL,2,1,'2026-07-17 10:45:34'),(3,0,'角色权限','ROLE_MANAGE','MENU','/roles',NULL,3,1,'2026-07-17 10:45:34'),(4,0,'注册审核','REGISTER_AUDIT','MENU','/register-audit',NULL,4,1,'2026-07-17 10:45:34'),(5,0,'公告管理','ANNOUNCEMENT','MENU','/announcements',NULL,5,1,'2026-07-17 10:45:34'),(6,0,'新闻管理','NEWS_MANAGE','MENU','/news',NULL,6,1,'2026-07-17 10:45:34'),(7,0,'课程管理','COURSE_MANAGE','MENU','/courses',NULL,7,1,'2026-07-17 10:45:34'),(8,0,'排课管理','SCHEDULE_MANAGE','MENU','/schedules',NULL,8,1,'2026-07-17 10:45:34'),(9,0,'成绩录入','SCORE_ENTER','MENU','/scores-enter',NULL,9,1,'2026-07-17 10:45:34'),(10,0,'成绩查看','SCORE_VIEW','MENU','/scores',NULL,10,1,'2026-07-17 10:45:34'),(11,0,'课表查看','SCHEDULE_VIEW','MENU','/schedule',NULL,11,1,'2026-07-17 10:45:34'),(12,0,'考试管理','EXAM_MANAGE','MENU','/exams',NULL,12,1,'2026-07-17 10:45:34'),(13,0,'教学评价','EVALUATION','MENU','/evaluation',NULL,13,1,'2026-07-17 10:45:34'),(14,0,'一卡通管理','CARD_MANAGE','MENU','/cards',NULL,14,1,'2026-07-17 10:45:34'),(15,0,'一卡通查看','CARD_VIEW','MENU','/card',NULL,15,1,'2026-07-17 10:45:34'),(16,0,'缴费管理','PAYMENT_MANAGE','MENU','/payments',NULL,16,1,'2026-07-17 10:45:34'),(17,0,'科研管理','RESEARCH','MENU','/research',NULL,17,1,'2026-07-17 10:45:34'),(18,0,'毕设管理','GRADUATION','MENU','/graduation',NULL,18,1,'2026-07-17 10:45:34'),(19,0,'公文提交','DOC_SUBMIT','MENU','/documents',NULL,19,1,'2026-07-17 10:45:34'),(20,0,'公文审批','DOC_APPROVE','MENU','/documents-approve',NULL,20,1,'2026-07-17 10:45:34'),(21,0,'工作计划','WORKPLAN','MENU','/work-plans',NULL,21,1,'2026-07-17 10:45:34'),(22,0,'统计查看','STATS_VIEW','MENU','/stats',NULL,22,1,'2026-07-17 10:45:34'),(23,0,'固定资产','ASSET_MANAGE','MENU','/assets',NULL,23,1,'2026-07-17 10:45:34'),(24,0,'实验室管理','LAB_MANAGE','MENU','/labs',NULL,24,1,'2026-07-17 10:45:34'),(25,0,'日志审计','LOG_AUDIT','MENU','/logs',NULL,25,1,'2026-07-17 10:45:34'),(26,0,'系统配置','CONFIG_MANAGE','MENU','/config',NULL,26,1,'2026-07-17 10:45:34'),(27,0,'AI知识库','AI_KNOWLEDGE','MENU','/ai-knowledge',NULL,27,1,'2026-07-17 10:45:34'),(28,0,'个人信息','PROFILE_EDIT','MENU','/profile',NULL,28,1,'2026-07-17 10:45:34'),(29,0,'通讯录','DIRECTORY','MENU','/directory',NULL,29,1,'2026-07-17 10:45:34'),(30,0,'学生申请','APPLICATION','MENU','/applications',NULL,30,1,'2026-07-17 10:45:34'),(31,0,'申请审核','APPLY_REVIEW','MENU','/applications-review',NULL,31,1,'2026-07-17 10:45:34');
/*!40000 ALTER TABLE `permission` ENABLE KEYS */;
UNLOCK TABLES;

--
-- Table structure for table `practice_project_registration`
--

DROP TABLE IF EXISTS `practice_project_registration`;
/*!40101 SET @saved_cs_client     = @@character_set_client */;
/*!50503 SET character_set_client = utf8mb4 */;
CREATE TABLE `practice_project_registration` (
  `id` bigint NOT NULL AUTO_INCREMENT,
  `project_name` varchar(100) CHARACTER SET utf8mb4 COLLATE utf8mb4_unicode_ci NOT NULL COMMENT '实践项目名称',
  `student_id` bigint NOT NULL,
  `teacher_id` bigint DEFAULT NULL COMMENT '指导教师ID',
  `project_date` date DEFAULT NULL COMMENT '实践日期',
  `duration` int DEFAULT NULL COMMENT '时长(小时)',
  `lab_location` varchar(100) CHARACTER SET utf8mb4 COLLATE utf8mb4_unicode_ci DEFAULT NULL COMMENT '实验室地点',
  `status` varchar(20) COLLATE utf8mb4_unicode_ci DEFAULT NULL,
  `registration_time` timestamp NOT NULL DEFAULT CURRENT_TIMESTAMP,
  `created_time` datetime NOT NULL DEFAULT CURRENT_TIMESTAMP,
  `updated_time` timestamp NOT NULL DEFAULT CURRENT_TIMESTAMP ON UPDATE CURRENT_TIMESTAMP,
  PRIMARY KEY (`id`) USING BTREE,
  KEY `student_id` (`student_id`) USING BTREE,
  KEY `teacher_id` (`teacher_id`) USING BTREE,
  CONSTRAINT `practice_project_registration_ibfk_1` FOREIGN KEY (`student_id`) REFERENCES `user` (`id`) ON DELETE RESTRICT ON UPDATE RESTRICT,
  CONSTRAINT `practice_project_registration_ibfk_2` FOREIGN KEY (`teacher_id`) REFERENCES `user` (`id`) ON DELETE RESTRICT ON UPDATE RESTRICT
) ENGINE=InnoDB AUTO_INCREMENT=7 DEFAULT CHARSET=utf8mb4 COLLATE=utf8mb4_unicode_ci ROW_FORMAT=DYNAMIC COMMENT='实践项目预约表';
/*!40101 SET character_set_client = @saved_cs_client */;

--
-- Dumping data for table `practice_project_registration`
--

LOCK TABLES `practice_project_registration` WRITE;
/*!40000 ALTER TABLE `practice_project_registration` DISABLE KEYS */;
INSERT INTO `practice_project_registration` VALUES (1,'嵌入式系统开发实训',1,14,'2026-07-20',5,'实验楼A401','APPROVED','2026-07-01 02:00:00','2026-07-17 09:34:54','2026-07-17 01:34:54'),(2,'机器人控制实验',7,15,'2026-07-25',3,'实验楼B201','PENDING','2026-07-05 06:00:00','2026-07-17 09:34:54','2026-07-17 01:34:54'),(3,'大数据分析平台搭建',8,14,'2026-08-01',7,'实验楼C301','APPROVED','2026-07-03 01:00:00','2026-07-17 09:34:54','2026-07-17 01:34:54'),(4,'Java Web开发实训',5,14,'2026-08-01',10,'实验楼A302','APPROVED','2026-07-01 01:00:00','2026-07-17 10:45:34','2026-07-17 02:45:34'),(5,'深度学习项目实践',6,15,'2026-08-05',7,'AI与大数据实验室','PENDING','2026-07-03 06:00:00','2026-07-17 10:45:34','2026-07-17 02:45:34'),(6,'嵌入式系统设计',10,14,'2026-08-10',5,'机器人创新实验室','APPROVED','2026-07-02 02:00:00','2026-07-17 10:45:34','2026-07-17 02:45:34');
/*!40000 ALTER TABLE `practice_project_registration` ENABLE KEYS */;
UNLOCK TABLES;

--
-- Table structure for table `register_application`
--

DROP TABLE IF EXISTS `register_application`;
/*!40101 SET @saved_cs_client     = @@character_set_client */;
/*!50503 SET character_set_client = utf8mb4 */;
CREATE TABLE `register_application` (
  `id` bigint NOT NULL AUTO_INCREMENT,
  `identity_number` varchar(20) CHARACTER SET utf8mb4 COLLATE utf8mb4_unicode_ci NOT NULL COMMENT '学号/工号',
  `id_card_last6` varchar(255) CHARACTER SET utf8mb4 COLLATE utf8mb4_unicode_ci NOT NULL COMMENT '身份证后6位(AES加密)',
  `name` varchar(50) CHARACTER SET utf8mb4 COLLATE utf8mb4_unicode_ci NOT NULL COMMENT '姓名',
  `user_type` varchar(10) COLLATE utf8mb4_unicode_ci NOT NULL,
  `department` varchar(100) CHARACTER SET utf8mb4 COLLATE utf8mb4_unicode_ci DEFAULT NULL COMMENT '院系',
  `major` varchar(100) CHARACTER SET utf8mb4 COLLATE utf8mb4_unicode_ci DEFAULT NULL COMMENT '专业（学生）',
  `phone` varchar(15) CHARACTER SET utf8mb4 COLLATE utf8mb4_unicode_ci DEFAULT NULL COMMENT '手机号',
  `email` varchar(100) CHARACTER SET utf8mb4 COLLATE utf8mb4_unicode_ci DEFAULT NULL COMMENT '邮箱',
  `password_hash` varchar(255) CHARACTER SET utf8mb4 COLLATE utf8mb4_unicode_ci NOT NULL COMMENT '密码哈希',
  `status` varchar(20) COLLATE utf8mb4_unicode_ci DEFAULT NULL,
  `reject_reason` varchar(255) CHARACTER SET utf8mb4 COLLATE utf8mb4_unicode_ci DEFAULT NULL COMMENT '驳回原因',
  `apply_time` timestamp NOT NULL DEFAULT CURRENT_TIMESTAMP COMMENT '申请时间',
  `audit_time` datetime DEFAULT NULL COMMENT '审核时间',
  `auditor_id` bigint DEFAULT NULL COMMENT '审核人ID',
  `created_time` datetime NOT NULL DEFAULT CURRENT_TIMESTAMP,
  `updated_time` timestamp NOT NULL DEFAULT CURRENT_TIMESTAMP ON UPDATE CURRENT_TIMESTAMP,
  PRIMARY KEY (`id`) USING BTREE,
  UNIQUE KEY `identity_number` (`identity_number`) USING BTREE,
  KEY `idx_identity` (`identity_number`) USING BTREE,
  KEY `idx_status` (`status`) USING BTREE,
  KEY `idx_apply_time` (`apply_time`) USING BTREE
) ENGINE=InnoDB AUTO_INCREMENT=4 DEFAULT CHARSET=utf8mb4 COLLATE=utf8mb4_unicode_ci ROW_FORMAT=DYNAMIC COMMENT='注册申请表';
/*!40101 SET character_set_client = @saved_cs_client */;

--
-- Dumping data for table `register_application`
--

LOCK TABLES `register_application` WRITE;
/*!40000 ALTER TABLE `register_application` DISABLE KEYS */;
INSERT INTO `register_application` VALUES (1,'2025111001','$2a$10$qt.pr.Z3Xq9LuykYhuvZZei0Hf3cuZhOlH3TyWaMDVgwy4aUukgKu','欧阳星辰','STUDENT','计算机学院','软件工程','13901003001','ouyang@qq.com','123456','APPROVED',NULL,'2026-07-16 02:00:00','2026-07-17 14:07:33',0,'2026-07-17 09:34:54','2026-07-17 06:07:33'),(2,'2025111002','$2a$10$qt.pr.Z3Xq9LuykYhuvZZei0Hf3cuZhOlH3TyWaMDVgwy4aUukgKu','慕容雪','STUDENT','经管学院','工商管理','13901003002','murong@qq.com','123456','PENDING',NULL,'2026-07-16 06:00:00',NULL,NULL,'2026-07-17 09:34:54','2026-07-17 04:39:04'),(3,'T2025001','$2a$10$qt.pr.Z3Xq9LuykYhuvZZei0Hf3cuZhOlH3TyWaMDVgwy4aUukgKu','林雨薇','TEACHER','计算机学院','','13901003003','linyuwei@sc.edu.cn','123456','PENDING',NULL,'2026-07-17 00:00:00',NULL,NULL,'2026-07-17 09:34:54','2026-07-17 04:39:04');
/*!40000 ALTER TABLE `register_application` ENABLE KEYS */;
UNLOCK TABLES;

--
-- Table structure for table `role`
--

DROP TABLE IF EXISTS `role`;
/*!40101 SET @saved_cs_client     = @@character_set_client */;
/*!50503 SET character_set_client = utf8mb4 */;
CREATE TABLE `role` (
  `id` bigint NOT NULL AUTO_INCREMENT COMMENT '角色ID',
  `role_code` varchar(30) CHARACTER SET utf8mb4 COLLATE utf8mb4_unicode_ci NOT NULL COMMENT '角色编码: STUDENT/TEACHER/LEADER/ADMIN',
  `role_name` varchar(50) CHARACTER SET utf8mb4 COLLATE utf8mb4_unicode_ci NOT NULL COMMENT '角色名称',
  `role_desc` varchar(255) CHARACTER SET utf8mb4 COLLATE utf8mb4_unicode_ci DEFAULT NULL COMMENT '角色描述',
  `sort_order` int DEFAULT '0' COMMENT '排序',
  `status` int DEFAULT NULL,
  `created_time` datetime NOT NULL DEFAULT CURRENT_TIMESTAMP,
  `updated_time` timestamp NOT NULL DEFAULT CURRENT_TIMESTAMP ON UPDATE CURRENT_TIMESTAMP,
  PRIMARY KEY (`id`) USING BTREE,
  UNIQUE KEY `role_code` (`role_code`) USING BTREE
) ENGINE=InnoDB AUTO_INCREMENT=5 DEFAULT CHARSET=utf8mb4 COLLATE=utf8mb4_unicode_ci ROW_FORMAT=DYNAMIC COMMENT='角色表';
/*!40101 SET character_set_client = @saved_cs_client */;

--
-- Dumping data for table `role`
--

LOCK TABLES `role` WRITE;
/*!40000 ALTER TABLE `role` DISABLE KEYS */;
INSERT INTO `role` VALUES (1,'STUDENT','学生','学生角色，可访问课程、成绩、选课等功能',1,1,'2026-07-16 15:43:32','2026-07-16 07:43:32'),(2,'TEACHER','教师','教师角色，可管理课程、录入成绩',2,1,'2026-07-16 15:43:32','2026-07-16 07:43:32'),(3,'LEADER','领导','领导角色，可查看统计报表',3,1,'2026-07-16 15:43:32','2026-07-16 07:43:32'),(4,'ADMIN','管理员','管理员角色，拥有系统全部管理权限',4,1,'2026-07-16 15:43:32','2026-07-16 07:43:32');
/*!40000 ALTER TABLE `role` ENABLE KEYS */;
UNLOCK TABLES;

--
-- Table structure for table `role_permission`
--

DROP TABLE IF EXISTS `role_permission`;
/*!40101 SET @saved_cs_client     = @@character_set_client */;
/*!50503 SET character_set_client = utf8mb4 */;
CREATE TABLE `role_permission` (
  `id` bigint NOT NULL AUTO_INCREMENT,
  `role_id` bigint NOT NULL,
  `permission_id` bigint NOT NULL,
  `created_time` datetime NOT NULL DEFAULT CURRENT_TIMESTAMP,
  PRIMARY KEY (`id`) USING BTREE,
  UNIQUE KEY `uk_role_permission` (`role_id`,`permission_id`) USING BTREE,
  KEY `permission_id` (`permission_id`) USING BTREE,
  CONSTRAINT `role_permission_ibfk_1` FOREIGN KEY (`role_id`) REFERENCES `role` (`id`) ON DELETE CASCADE ON UPDATE RESTRICT,
  CONSTRAINT `role_permission_ibfk_2` FOREIGN KEY (`permission_id`) REFERENCES `permission` (`id`) ON DELETE CASCADE ON UPDATE RESTRICT
) ENGINE=InnoDB AUTO_INCREMENT=60 DEFAULT CHARSET=utf8mb4 COLLATE=utf8mb4_unicode_ci ROW_FORMAT=DYNAMIC COMMENT='角色权限关联表';
/*!40101 SET character_set_client = @saved_cs_client */;

--
-- Dumping data for table `role_permission`
--

LOCK TABLES `role_permission` WRITE;
/*!40000 ALTER TABLE `role_permission` DISABLE KEYS */;
INSERT INTO `role_permission` VALUES (1,4,1,'2026-07-17 10:45:34'),(2,4,2,'2026-07-17 10:45:34'),(3,4,3,'2026-07-17 10:45:34'),(4,4,4,'2026-07-17 10:45:34'),(5,4,5,'2026-07-17 10:45:34'),(6,4,6,'2026-07-17 10:45:34'),(7,4,7,'2026-07-17 10:45:34'),(8,4,8,'2026-07-17 10:45:34'),(9,4,9,'2026-07-17 10:45:34'),(10,4,10,'2026-07-17 10:45:34'),(11,4,11,'2026-07-17 10:45:34'),(12,4,12,'2026-07-17 10:45:34'),(13,4,13,'2026-07-17 10:45:34'),(14,4,14,'2026-07-17 10:45:34'),(15,4,15,'2026-07-17 10:45:34'),(16,4,16,'2026-07-17 10:45:34'),(17,4,17,'2026-07-17 10:45:34'),(18,4,18,'2026-07-17 10:45:34'),(19,4,19,'2026-07-17 10:45:34'),(20,4,20,'2026-07-17 10:45:34'),(21,4,21,'2026-07-17 10:45:34'),(22,4,22,'2026-07-17 10:45:34'),(23,4,23,'2026-07-17 10:45:34'),(24,4,24,'2026-07-17 10:45:34'),(25,4,25,'2026-07-17 10:45:34'),(26,4,26,'2026-07-17 10:45:34'),(27,4,27,'2026-07-17 10:45:34'),(28,4,28,'2026-07-17 10:45:34'),(29,4,29,'2026-07-17 10:45:34'),(30,4,30,'2026-07-17 10:45:34'),(31,4,31,'2026-07-17 10:45:34'),(32,1,1,'2026-07-17 10:45:34'),(33,1,10,'2026-07-17 10:45:34'),(34,1,11,'2026-07-17 10:45:34'),(35,1,13,'2026-07-17 10:45:34'),(36,1,15,'2026-07-17 10:45:34'),(37,1,28,'2026-07-17 10:45:34'),(38,1,30,'2026-07-17 10:45:34'),(39,2,1,'2026-07-17 10:45:34'),(40,2,9,'2026-07-17 10:45:34'),(41,2,10,'2026-07-17 10:45:34'),(42,2,11,'2026-07-17 10:45:34'),(43,2,13,'2026-07-17 10:45:34'),(44,2,17,'2026-07-17 10:45:34'),(45,2,18,'2026-07-17 10:45:34'),(46,2,19,'2026-07-17 10:45:34'),(47,2,28,'2026-07-17 10:45:34'),(48,2,31,'2026-07-17 10:45:34'),(49,3,1,'2026-07-17 10:45:34'),(50,3,10,'2026-07-17 10:45:34'),(51,3,11,'2026-07-17 10:45:34'),(52,3,13,'2026-07-17 10:45:34'),(53,3,17,'2026-07-17 10:45:34'),(54,3,20,'2026-07-17 10:45:34'),(55,3,21,'2026-07-17 10:45:34'),(56,3,22,'2026-07-17 10:45:34'),(57,3,23,'2026-07-17 10:45:34'),(58,3,28,'2026-07-17 10:45:34'),(59,3,29,'2026-07-17 10:45:34');
/*!40000 ALTER TABLE `role_permission` ENABLE KEYS */;
UNLOCK TABLES;

--
-- Table structure for table `scientific_research`
--

DROP TABLE IF EXISTS `scientific_research`;
/*!40101 SET @saved_cs_client     = @@character_set_client */;
/*!50503 SET character_set_client = utf8mb4 */;
CREATE TABLE `scientific_research` (
  `id` bigint NOT NULL AUTO_INCREMENT,
  `teacher_id` bigint NOT NULL COMMENT '教师ID',
  `project_name` varchar(200) CHARACTER SET utf8mb4 COLLATE utf8mb4_unicode_ci NOT NULL COMMENT '项目名称',
  `project_code` varchar(50) CHARACTER SET utf8mb4 COLLATE utf8mb4_unicode_ci DEFAULT NULL COMMENT '项目编号',
  `project_type` varchar(20) COLLATE utf8mb4_unicode_ci DEFAULT NULL,
  `fund_amount` decimal(12,2) DEFAULT NULL COMMENT '经费金额',
  `start_date` date DEFAULT NULL COMMENT '开始日期',
  `end_date` date DEFAULT NULL COMMENT '结束日期',
  `status` varchar(20) COLLATE utf8mb4_unicode_ci DEFAULT NULL,
  `members` varchar(500) CHARACTER SET utf8mb4 COLLATE utf8mb4_unicode_ci DEFAULT NULL COMMENT '项目成员（JSON）',
  `achievements` text CHARACTER SET utf8mb4 COLLATE utf8mb4_unicode_ci COMMENT '研究成果',
  `created_time` datetime NOT NULL DEFAULT CURRENT_TIMESTAMP,
  `updated_time` timestamp NOT NULL DEFAULT CURRENT_TIMESTAMP ON UPDATE CURRENT_TIMESTAMP,
  PRIMARY KEY (`id`) USING BTREE,
  KEY `idx_teacher` (`teacher_id`) USING BTREE,
  KEY `idx_type_status` (`project_type`,`status`) USING BTREE,
  CONSTRAINT `scientific_research_ibfk_1` FOREIGN KEY (`teacher_id`) REFERENCES `user` (`id`) ON DELETE RESTRICT ON UPDATE RESTRICT
) ENGINE=InnoDB AUTO_INCREMENT=9 DEFAULT CHARSET=utf8mb4 COLLATE=utf8mb4_unicode_ci ROW_FORMAT=DYNAMIC COMMENT='科研项目表';
/*!40101 SET character_set_client = @saved_cs_client */;

--
-- Dumping data for table `scientific_research`
--

LOCK TABLES `scientific_research` WRITE;
/*!40000 ALTER TABLE `scientific_research` DISABLE KEYS */;
INSERT INTO `scientific_research` VALUES (1,14,'基于深度学习的智慧校园行为分析系统','NSFC-2025-K01','国家级',500000.00,'2025-01-01','2027-12-31','IN_PROGRESS','张明华,李芳,虎一铭','已发表SCI论文2篇，申请发明专利1项','2026-07-17 09:34:54','2026-07-17 01:34:54'),(2,14,'大规模在线教育平台关键技术研究','PRJ-2025-002','省级',200000.00,'2025-06-01','2027-06-01','IN_PROGRESS','张明华,赵俊杰','已完成系统原型开发','2026-07-17 09:34:54','2026-07-17 01:34:54'),(3,15,'云原生数据库性能优化研究','PRJ-2025-003','省级',150000.00,'2025-03-01','2026-12-31','IN_PROGRESS','李芳,李明远','发表核心期刊论文1篇','2026-07-17 09:34:54','2026-07-17 01:34:54'),(4,16,'数字经济背景下企业数字化转型路径研究','PRJ-2025-004','校级',80000.00,'2025-09-01','2026-12-31','IN_PROGRESS','王建国','已完成调研报告','2026-07-17 09:34:54','2026-07-17 01:34:54'),(5,17,'非线性偏微分方程数值解法研究','NSFC-2024-M01','国家级',350000.00,'2024-01-01','2026-12-31','COMPLETED','赵文博,吴昊','发表SCI论文3篇，获省自然科学奖二等奖','2026-07-17 09:34:54','2026-07-17 01:34:54'),(6,15,'基于微服务的智慧校园架构研究','PRJ-2026-001','校级',50000.00,'2026-01-01','2026-12-31','IN_PROGRESS','李芳','已完成架构设计','2026-07-17 10:45:34','2026-07-17 02:45:34'),(7,16,'高校数字化转型策略研究','PRJ-2026-002','省级',120000.00,'2026-03-01','2027-06-01','IN_PROGRESS','王建国,孙晓萌',NULL,'2026-07-17 10:45:34','2026-07-17 02:45:34');
/*!40000 ALTER TABLE `scientific_research` ENABLE KEYS */;
UNLOCK TABLES;

--
-- Table structure for table `score_change_log`
--

DROP TABLE IF EXISTS `score_change_log`;
/*!40101 SET @saved_cs_client     = @@character_set_client */;
/*!50503 SET character_set_client = utf8mb4 */;
CREATE TABLE `score_change_log` (
  `id` bigint NOT NULL AUTO_INCREMENT,
  `student_course_id` bigint NOT NULL COMMENT '选课记录ID',
  `old_score` decimal(5,2) DEFAULT NULL COMMENT '原成绩',
  `new_score` decimal(5,2) NOT NULL COMMENT '新成绩',
  `change_reason` varchar(255) CHARACTER SET utf8mb4 COLLATE utf8mb4_unicode_ci DEFAULT NULL COMMENT '变更原因',
  `operator_id` bigint NOT NULL COMMENT '操作人ID',
  `operator_name` varchar(50) CHARACTER SET utf8mb4 COLLATE utf8mb4_unicode_ci DEFAULT NULL COMMENT '操作人姓名',
  `created_time` datetime NOT NULL DEFAULT CURRENT_TIMESTAMP,
  PRIMARY KEY (`id`) USING BTREE,
  KEY `idx_student_course` (`student_course_id`) USING BTREE,
  CONSTRAINT `score_change_log_ibfk_1` FOREIGN KEY (`student_course_id`) REFERENCES `student_course` (`id`) ON DELETE RESTRICT ON UPDATE RESTRICT
) ENGINE=InnoDB AUTO_INCREMENT=6 DEFAULT CHARSET=utf8mb4 COLLATE=utf8mb4_unicode_ci ROW_FORMAT=DYNAMIC COMMENT='成绩变更日志表';
/*!40101 SET character_set_client = @saved_cs_client */;

--
-- Dumping data for table `score_change_log`
--

LOCK TABLES `score_change_log` WRITE;
/*!40000 ALTER TABLE `score_change_log` DISABLE KEYS */;
INSERT INTO `score_change_log` VALUES (1,5,58.00,66.00,'加分申请：平时成绩核分有误，经教务处审核通过',14,'张明华','2026-07-17 09:34:54'),(2,1,85.00,95.00,'成绩修改',14,'教师','2026-07-17 13:37:32'),(3,18,82.00,82.00,'成绩修改',14,'教师','2026-07-17 13:37:32'),(4,22,75.00,75.00,'成绩修改',14,'教师','2026-07-17 13:37:32'),(5,24,90.00,90.00,'成绩修改',14,'教师','2026-07-17 13:37:32');
/*!40000 ALTER TABLE `score_change_log` ENABLE KEYS */;
UNLOCK TABLES;

--
-- Table structure for table `student_application`
--

DROP TABLE IF EXISTS `student_application`;
/*!40101 SET @saved_cs_client     = @@character_set_client */;
/*!50503 SET character_set_client = utf8mb4 */;
CREATE TABLE `student_application` (
  `id` bigint NOT NULL AUTO_INCREMENT,
  `student_id` bigint NOT NULL,
  `application_type` varchar(20) COLLATE utf8mb4_unicode_ci NOT NULL,
  `title` varchar(200) CHARACTER SET utf8mb4 COLLATE utf8mb4_unicode_ci NOT NULL COMMENT '申请标题',
  `content` text CHARACTER SET utf8mb4 COLLATE utf8mb4_unicode_ci COMMENT '申请内容/理由',
  `attachments` varchar(500) CHARACTER SET utf8mb4 COLLATE utf8mb4_unicode_ci DEFAULT NULL COMMENT '附件URL（JSON数组）',
  `semester` varchar(20) CHARACTER SET utf8mb4 COLLATE utf8mb4_unicode_ci DEFAULT NULL COMMENT '学期',
  `status` varchar(20) COLLATE utf8mb4_unicode_ci DEFAULT NULL,
  `review_comment` varchar(500) CHARACTER SET utf8mb4 COLLATE utf8mb4_unicode_ci DEFAULT NULL COMMENT '审核意见',
  `submit_time` datetime DEFAULT NULL COMMENT '提交时间',
  `review_time` datetime DEFAULT NULL COMMENT '审核时间',
  `reviewer_id` bigint DEFAULT NULL COMMENT '审核人ID',
  `created_time` datetime NOT NULL DEFAULT CURRENT_TIMESTAMP,
  `updated_time` timestamp NOT NULL DEFAULT CURRENT_TIMESTAMP ON UPDATE CURRENT_TIMESTAMP,
  PRIMARY KEY (`id`) USING BTREE,
  KEY `idx_student_type` (`student_id`,`application_type`) USING BTREE,
  KEY `idx_status` (`status`) USING BTREE,
  CONSTRAINT `student_application_ibfk_1` FOREIGN KEY (`student_id`) REFERENCES `user` (`id`) ON DELETE RESTRICT ON UPDATE RESTRICT
) ENGINE=InnoDB AUTO_INCREMENT=9 DEFAULT CHARSET=utf8mb4 COLLATE=utf8mb4_unicode_ci ROW_FORMAT=DYNAMIC COMMENT='学生申请表（奖助贷勤免）';
/*!40101 SET character_set_client = @saved_cs_client */;

--
-- Dumping data for table `student_application`
--

LOCK TABLES `student_application` WRITE;
/*!40000 ALTER TABLE `student_application` DISABLE KEYS */;
INSERT INTO `student_application` VALUES (1,1,'SCHOLARSHIP','2025-2026学年国家励志奖学金申请','本人学习成绩优异，学年平均绩点3.8，获校级三好学生、优秀学生干部等荣誉称号。家庭经济困难，符合国家励志奖学金申请条件。',NULL,'2025-2026-2','APPROVED','材料齐全，条件符合，同意推荐。','2026-04-15 10:00:00','2026-05-10 14:00:00',2,'2026-07-17 09:34:54','2026-07-17 03:32:59'),(2,7,'SUBSIDY','家庭经济困难学生认定申请','本人来自农村低保家庭，父母务农，年收入不足2万元。本人申请认定为家庭经济困难学生，以便获取国家和学校的资助。',NULL,'2025-2026-2','PENDING',NULL,'2026-06-20 16:00:00',NULL,NULL,'2026-07-17 09:34:54','2026-07-17 01:34:54'),(3,8,'LOAN','生源地信用助学贷款申请','因家庭经济原因，本人申请生源地信用助学贷款8000元/年，用于缴纳学费和住宿费。',NULL,'2025-2026-2','APPROVED','家庭经济情况属实，同意申请。','2026-06-01 09:00:00','2026-06-15 10:00:00',2,'2026-07-17 09:34:54','2026-07-17 03:32:59'),(4,11,'SCHOLARSHIP','校级优秀学生奖学金申请','本人上学期平均分92分，班级排名第1，积极参加学科竞赛和社会实践活动，申请校级优秀学生奖学金。',NULL,'2025-2026-2','PENDING',NULL,'2026-07-05 08:00:00',NULL,NULL,'2026-07-17 09:34:54','2026-07-17 01:34:54'),(5,1,'贷款','助学贷款','111',NULL,'2025-2026-2',NULL,'同意','2026-07-17 11:28:51','2026-07-17 13:00:00',0,'2026-07-17 11:28:51','2026-07-17 05:00:00'),(6,1,'贷款','1','1',NULL,'2025-2026-2',NULL,'','2026-07-17 13:19:38','2026-07-17 13:19:51',0,'2026-07-17 13:19:38','2026-07-17 05:19:51'),(7,1,'助学金','1','1',NULL,'2025-2026-2','APPROVED','辅导员审核通过，提交院长审批; 院长:院长审批通过','2026-07-17 13:25:46','2026-07-17 13:26:38',2,'2026-07-17 13:25:46','2026-07-17 05:26:38'),(8,1,'贷款','4','4',NULL,'2025-2026-2','APPROVED','辅导员审核通过，提交院长审批; 院长:院长审批通过','2026-07-17 16:24:19','2026-07-17 16:25:16',2,'2026-07-17 16:24:19','2026-07-17 08:25:16');
/*!40000 ALTER TABLE `student_application` ENABLE KEYS */;
UNLOCK TABLES;

--
-- Table structure for table `student_course`
--

DROP TABLE IF EXISTS `student_course`;
/*!40101 SET @saved_cs_client     = @@character_set_client */;
/*!50503 SET character_set_client = utf8mb4 */;
CREATE TABLE `student_course` (
  `id` bigint NOT NULL AUTO_INCREMENT,
  `student_id` bigint NOT NULL COMMENT '学生ID',
  `schedule_id` bigint NOT NULL COMMENT '课程安排ID',
  `semester` varchar(20) CHARACTER SET utf8mb4 COLLATE utf8mb4_unicode_ci NOT NULL COMMENT '学期',
  `status` varchar(20) COLLATE utf8mb4_unicode_ci DEFAULT NULL,
  `score` decimal(5,2) DEFAULT NULL COMMENT '最终成绩',
  `gpa` decimal(3,2) DEFAULT NULL COMMENT '绩点',
  `grade_level` varchar(10) COLLATE utf8mb4_unicode_ci DEFAULT NULL,
  `exam_type` varchar(10) COLLATE utf8mb4_unicode_ci DEFAULT NULL,
  `is_retake` int DEFAULT NULL,
  `is_makeup` int DEFAULT NULL,
  `select_time` timestamp NOT NULL DEFAULT CURRENT_TIMESTAMP COMMENT '选课时间',
  `drop_time` datetime DEFAULT NULL COMMENT '退课时间',
  `created_time` datetime NOT NULL DEFAULT CURRENT_TIMESTAMP,
  `updated_time` timestamp NOT NULL DEFAULT CURRENT_TIMESTAMP ON UPDATE CURRENT_TIMESTAMP,
  PRIMARY KEY (`id`) USING BTREE,
  UNIQUE KEY `uk_student_schedule` (`student_id`,`schedule_id`) USING BTREE,
  KEY `schedule_id` (`schedule_id`) USING BTREE,
  KEY `idx_student_semester` (`student_id`,`semester`) USING BTREE,
  KEY `idx_status` (`status`) USING BTREE,
  CONSTRAINT `student_course_ibfk_1` FOREIGN KEY (`student_id`) REFERENCES `user` (`id`) ON DELETE RESTRICT ON UPDATE RESTRICT,
  CONSTRAINT `student_course_ibfk_2` FOREIGN KEY (`schedule_id`) REFERENCES `course_schedule` (`id`) ON DELETE RESTRICT ON UPDATE RESTRICT
) ENGINE=InnoDB AUTO_INCREMENT=51 DEFAULT CHARSET=utf8mb4 COLLATE=utf8mb4_unicode_ci ROW_FORMAT=DYNAMIC COMMENT='学生选课表';
/*!40101 SET character_set_client = @saved_cs_client */;

--
-- Dumping data for table `student_course`
--

LOCK TABLES `student_course` WRITE;
/*!40000 ALTER TABLE `student_course` DISABLE KEYS */;
INSERT INTO `student_course` VALUES (1,1,1,'2025-2026-2','ENROLLED',95.00,3.50,'A','FINAL',0,0,'2026-07-17 08:56:14',NULL,'2026-07-17 09:34:54','2026-07-17 08:56:14'),(5,1,9,'2025-2026-2','DROPPED',66.00,1.50,'D','FINAL',0,0,'2026-02-20 01:00:00','2026-07-17 16:42:48','2026-07-17 09:34:54','2026-07-17 08:42:48'),(7,7,4,'2025-2026-2','ENROLLED',88.00,3.70,'B','FINAL',0,0,'2026-02-20 02:00:00',NULL,'2026-07-17 09:34:54','2026-07-17 01:34:54'),(8,7,7,'2025-2026-2','ENROLLED',55.00,0.00,'F','FINAL',0,0,'2026-02-20 02:00:00',NULL,'2026-07-17 09:34:54','2026-07-17 01:34:54'),(9,7,12,'2025-2026-2','ENROLLED',NULL,NULL,NULL,NULL,0,0,'2026-02-20 02:00:00',NULL,'2026-07-17 09:34:54','2026-07-17 01:34:54'),(10,8,4,'2025-2026-2','ENROLLED',91.00,4.00,'A','FINAL',0,0,'2026-02-20 02:00:00',NULL,'2026-07-17 09:34:54','2026-07-17 01:34:54'),(11,8,7,'2025-2026-2','ENROLLED',82.00,3.30,'B','FINAL',0,0,'2026-02-20 02:00:00',NULL,'2026-07-17 09:34:54','2026-07-17 01:34:54'),(12,5,2,'2025-2026-2','ENROLLED',76.00,3.00,'C','FINAL',0,0,'2026-02-21 01:00:00',NULL,'2026-07-17 09:34:54','2026-07-17 01:34:54'),(13,5,5,'2025-2026-2','ENROLLED',95.00,4.00,'A','FINAL',0,0,'2026-02-21 01:00:00',NULL,'2026-07-17 09:34:54','2026-07-17 01:34:54'),(14,6,2,'2025-2026-2','ENROLLED',89.00,3.70,'B','FINAL',0,0,'2026-02-21 01:00:00',NULL,'2026-07-17 09:34:54','2026-07-17 01:34:54'),(15,6,3,'2025-2026-2','ENROLLED',81.00,3.30,'B','FINAL',0,0,'2026-02-21 01:00:00',NULL,'2026-07-17 09:34:54','2026-07-17 01:34:54'),(16,11,10,'2025-2026-2','ENROLLED',87.00,3.70,'B','FINAL',0,0,'2026-02-21 02:00:00',NULL,'2026-07-17 09:34:54','2026-07-17 01:34:54'),(17,12,11,'2025-2026-2','ENROLLED',83.00,3.30,'B','FINAL',0,0,'2026-02-21 02:00:00',NULL,'2026-07-17 09:34:54','2026-07-17 01:34:54'),(18,5,1,'2025-2026-2','ENROLLED',82.00,3.30,'B','FINAL',0,0,'2026-02-21 01:00:00',NULL,'2026-07-17 10:45:34','2026-07-17 02:45:34'),(19,5,9,'2025-2026-2','ENROLLED',70.00,2.00,'C','FINAL',0,0,'2026-02-21 01:00:00',NULL,'2026-07-17 10:45:34','2026-07-17 02:45:34'),(20,6,6,'2025-2026-2','ENROLLED',78.00,3.00,'C','FINAL',0,0,'2026-02-21 01:00:00',NULL,'2026-07-17 10:45:34','2026-07-17 02:45:34'),(21,6,12,'2025-2026-2','ENROLLED',NULL,NULL,NULL,NULL,0,0,'2026-02-21 01:00:00',NULL,'2026-07-17 10:45:34','2026-07-17 02:45:34'),(22,9,1,'2025-2026-2','ENROLLED',75.00,2.50,'C','FINAL',0,0,'2026-02-22 01:00:00',NULL,'2026-07-17 10:45:34','2026-07-17 02:45:34'),(23,9,5,'2025-2026-2','ENROLLED',88.00,3.70,'B','FINAL',0,0,'2026-02-22 01:00:00',NULL,'2026-07-17 10:45:34','2026-07-17 02:45:34'),(24,10,1,'2025-2026-2','ENROLLED',90.00,4.00,'A','FINAL',0,0,'2026-02-22 01:00:00',NULL,'2026-07-17 10:45:34','2026-07-17 02:45:34'),(25,10,5,'2025-2026-2','ENROLLED',84.00,3.30,'B','FINAL',0,0,'2026-02-22 01:00:00',NULL,'2026-07-17 10:45:34','2026-07-17 02:45:34'),(30,7,13,'2025-2026-2','ENROLLED',NULL,NULL,NULL,NULL,0,0,'2026-02-20 02:00:00',NULL,'2026-07-17 13:31:16','2026-07-17 05:31:16'),(44,1,4,'2025-2026-2','ENROLLED',NULL,NULL,NULL,NULL,NULL,NULL,'2026-07-17 08:59:06',NULL,'2026-07-17 16:59:06','2026-07-17 08:59:06'),(45,1,11,'2025-2026-2','ENROLLED',NULL,NULL,NULL,NULL,NULL,NULL,'2026-07-18 01:31:57',NULL,'2026-07-18 09:31:58','2026-07-18 01:31:58'),(46,1,12,'2025-2026-2','ENROLLED',NULL,NULL,NULL,NULL,NULL,NULL,'2026-07-18 01:32:00',NULL,'2026-07-18 09:32:00','2026-07-18 01:32:00'),(47,1,10,'2025-2026-2','ENROLLED',NULL,NULL,NULL,NULL,NULL,NULL,'2026-07-18 01:32:00',NULL,'2026-07-18 09:32:00','2026-07-18 01:32:00'),(48,1,8,'2025-2026-2','ENROLLED',NULL,NULL,NULL,NULL,NULL,NULL,'2026-07-18 01:32:04',NULL,'2026-07-18 09:32:04','2026-07-18 01:32:04'),(49,1,7,'2025-2026-2','ENROLLED',NULL,NULL,NULL,NULL,NULL,NULL,'2026-07-18 01:32:05',NULL,'2026-07-18 09:32:05','2026-07-18 01:32:05'),(50,1,2,'2025-2026-2','ENROLLED',NULL,NULL,NULL,NULL,NULL,NULL,'2026-07-18 03:40:49',NULL,'2026-07-18 11:40:49','2026-07-18 03:40:49');
/*!40000 ALTER TABLE `student_course` ENABLE KEYS */;
UNLOCK TABLES;

--
-- Table structure for table `student_retake`
--

DROP TABLE IF EXISTS `student_retake`;
/*!40101 SET @saved_cs_client     = @@character_set_client */;
/*!50503 SET character_set_client = utf8mb4 */;
CREATE TABLE `student_retake` (
  `id` bigint NOT NULL AUTO_INCREMENT,
  `student_id` bigint NOT NULL,
  `course_id` bigint NOT NULL,
  `semester` varchar(20) CHARACTER SET utf8mb4 COLLATE utf8mb4_unicode_ci NOT NULL COMMENT '学期',
  `type` varchar(10) COLLATE utf8mb4_unicode_ci NOT NULL,
  `original_score` decimal(5,2) DEFAULT NULL COMMENT '原始不及格成绩',
  `status` varchar(20) COLLATE utf8mb4_unicode_ci DEFAULT NULL,
  `application_time` timestamp NOT NULL DEFAULT CURRENT_TIMESTAMP,
  `approval_time` datetime DEFAULT NULL COMMENT '审批时间',
  `payment_status` int DEFAULT NULL,
  `created_time` datetime NOT NULL DEFAULT CURRENT_TIMESTAMP,
  `updated_time` timestamp NOT NULL DEFAULT CURRENT_TIMESTAMP ON UPDATE CURRENT_TIMESTAMP,
  PRIMARY KEY (`id`) USING BTREE,
  KEY `course_id` (`course_id`) USING BTREE,
  KEY `idx_student_semester` (`student_id`,`semester`) USING BTREE,
  CONSTRAINT `student_retake_ibfk_1` FOREIGN KEY (`student_id`) REFERENCES `user` (`id`) ON DELETE RESTRICT ON UPDATE RESTRICT,
  CONSTRAINT `student_retake_ibfk_2` FOREIGN KEY (`course_id`) REFERENCES `course` (`id`) ON DELETE RESTRICT ON UPDATE RESTRICT
) ENGINE=InnoDB AUTO_INCREMENT=5 DEFAULT CHARSET=utf8mb4 COLLATE=utf8mb4_unicode_ci ROW_FORMAT=DYNAMIC COMMENT='补考重修记录表';
/*!40101 SET character_set_client = @saved_cs_client */;

--
-- Dumping data for table `student_retake`
--

LOCK TABLES `student_retake` WRITE;
/*!40000 ALTER TABLE `student_retake` DISABLE KEYS */;
INSERT INTO `student_retake` VALUES (1,7,4,'2025-2026-2','MAKEUP',55.00,'APPROVED','2026-07-10 07:00:00',NULL,1,'2026-07-17 09:34:54','2026-07-17 01:34:54'),(2,1,8,'2025-2026-2','MAKEUP',58.00,'PENDING','2026-07-12 02:00:00',NULL,0,'2026-07-17 09:34:54','2026-07-17 01:34:54'),(3,1,8,'2025-2026-2','MAKEUP',58.00,'PENDING','2026-07-17 03:17:26',NULL,0,'2026-07-17 11:17:26','2026-07-17 03:17:26'),(4,1,8,'2025-2026-2','MAKEUP',58.00,'PENDING','2026-07-17 03:17:31',NULL,0,'2026-07-17 11:17:31','2026-07-17 03:17:31');
/*!40000 ALTER TABLE `student_retake` ENABLE KEYS */;
UNLOCK TABLES;

--
-- Table structure for table `sys_config`
--

DROP TABLE IF EXISTS `sys_config`;
/*!40101 SET @saved_cs_client     = @@character_set_client */;
/*!50503 SET character_set_client = utf8mb4 */;
CREATE TABLE `sys_config` (
  `id` bigint NOT NULL AUTO_INCREMENT,
  `config_key` varchar(100) CHARACTER SET utf8mb4 COLLATE utf8mb4_unicode_ci NOT NULL COMMENT '配置键',
  `config_value` varchar(500) CHARACTER SET utf8mb4 COLLATE utf8mb4_unicode_ci NOT NULL COMMENT '配置值',
  `config_desc` varchar(255) CHARACTER SET utf8mb4 COLLATE utf8mb4_unicode_ci DEFAULT NULL COMMENT '配置描述',
  `config_type` varchar(10) COLLATE utf8mb4_unicode_ci DEFAULT NULL,
  `status` int DEFAULT NULL,
  `updated_time` timestamp NOT NULL DEFAULT CURRENT_TIMESTAMP ON UPDATE CURRENT_TIMESTAMP,
  `updated_by` bigint DEFAULT NULL COMMENT '修改人',
  PRIMARY KEY (`id`) USING BTREE,
  UNIQUE KEY `config_key` (`config_key`) USING BTREE
) ENGINE=InnoDB AUTO_INCREMENT=22 DEFAULT CHARSET=utf8mb4 COLLATE=utf8mb4_unicode_ci ROW_FORMAT=DYNAMIC COMMENT='系统配置表';
/*!40101 SET character_set_client = @saved_cs_client */;

--
-- Dumping data for table `sys_config`
--

LOCK TABLES `sys_config` WRITE;
/*!40000 ALTER TABLE `sys_config` DISABLE KEYS */;
INSERT INTO `sys_config` VALUES (1,'password.max_fail_attempts','5','登录失败最大尝试次数','INT',1,'2026-07-16 07:44:19',NULL),(2,'password.lock_duration','15','账号锁定时间(分钟)','INT',1,'2026-07-16 07:44:19',NULL),(3,'password.expire_days','90','密码有效期(天)','INT',1,'2026-07-16 07:44:19',NULL),(4,'password.min_length','8','密码最小长度','INT',1,'2026-07-16 07:44:19',NULL),(5,'auth.captcha_expire','120','验证码有效期(秒)','INT',1,'2026-07-16 07:44:19',NULL),(6,'session.timeout','3600','会话超时时间(秒)','INT',1,'2026-07-16 07:44:19',NULL),(7,'ai.model','qwen-max','AI模型名称','STRING',1,'2026-07-16 07:44:19',NULL),(8,'ai.temperature','0.7','AI生成温度参数','STRING',1,'2026-07-16 07:44:19',NULL),(9,'password_expire_days','90','密码有效期（天）','SECURITY',1,'2026-07-17 01:34:54',4),(10,'login_fail_lock_count','5','登录失败锁定次数','SECURITY',1,'2026-07-17 01:34:54',4),(11,'login_fail_lock_minutes','30','登录失败锁定时长（分钟）','SECURITY',1,'2026-07-17 01:34:54',4),(12,'captcha_enabled','true','是否启用验证码','SECURITY',1,'2026-07-17 01:34:54',4),(13,'captcha_expire_seconds','300','验证码有效期（秒）','SECURITY',1,'2026-07-17 01:34:54',4),(14,'semester_current','2025-2026-2','当前学期','ACADEMIC',1,'2026-07-17 01:34:54',4),(15,'max_course_select','30','每学期最大选课学分','ACADEMIC',1,'2026-07-17 01:34:54',4),(16,'evaluation_start_date','2026-06-01','评教开始日期','ACADEMIC',1,'2026-07-17 01:34:54',4),(17,'evaluation_end_date','2026-07-20','评教结束日期','ACADEMIC',1,'2026-07-17 01:34:54',4),(18,'card_daily_limit_default','200','一卡通默认日消费限额（元）','SYSTEM',1,'2026-07-17 01:34:54',4),(19,'system_version','1.0.0','系统版本号','SYSTEM',1,'2026-07-17 01:34:54',4),(20,'system_name','智慧校园服务平台','系统名称','SYSTEM',1,'2026-07-17 01:34:54',4),(21,'course_select_open','true','选课功能开关','ACADEMIC',1,'2026-07-17 08:49:22',4);
/*!40000 ALTER TABLE `sys_config` ENABLE KEYS */;
UNLOCK TABLES;

--
-- Table structure for table `teaching_evaluation`
--

DROP TABLE IF EXISTS `teaching_evaluation`;
/*!40101 SET @saved_cs_client     = @@character_set_client */;
/*!50503 SET character_set_client = utf8mb4 */;
CREATE TABLE `teaching_evaluation` (
  `id` bigint NOT NULL AUTO_INCREMENT,
  `student_id` bigint NOT NULL COMMENT '评价学生ID',
  `teacher_id` bigint NOT NULL COMMENT '被评教师ID',
  `course_id` bigint NOT NULL COMMENT '课程ID',
  `semester` varchar(20) CHARACTER SET utf8mb4 COLLATE utf8mb4_unicode_ci NOT NULL COMMENT '学期',
  `dimension1_score` int DEFAULT NULL,
  `dimension2_score` int DEFAULT NULL,
  `dimension3_score` int DEFAULT NULL,
  `dimension4_score` int DEFAULT NULL,
  `overall_score` decimal(3,2) DEFAULT NULL COMMENT '综合得分（自动计算）',
  `comment` text CHARACTER SET utf8mb4 COLLATE utf8mb4_unicode_ci COMMENT '文字评价',
  `is_anonymous` int DEFAULT NULL,
  `status` varchar(20) COLLATE utf8mb4_unicode_ci DEFAULT NULL,
  `created_time` datetime NOT NULL DEFAULT CURRENT_TIMESTAMP,
  `updated_time` timestamp NOT NULL DEFAULT CURRENT_TIMESTAMP ON UPDATE CURRENT_TIMESTAMP,
  PRIMARY KEY (`id`) USING BTREE,
  UNIQUE KEY `uk_evaluation` (`student_id`,`teacher_id`,`course_id`,`semester`) USING BTREE,
  KEY `course_id` (`course_id`) USING BTREE,
  KEY `idx_teacher_semester` (`teacher_id`,`semester`) USING BTREE,
  CONSTRAINT `teaching_evaluation_ibfk_1` FOREIGN KEY (`student_id`) REFERENCES `user` (`id`) ON DELETE RESTRICT ON UPDATE RESTRICT,
  CONSTRAINT `teaching_evaluation_ibfk_2` FOREIGN KEY (`teacher_id`) REFERENCES `user` (`id`) ON DELETE RESTRICT ON UPDATE RESTRICT,
  CONSTRAINT `teaching_evaluation_ibfk_3` FOREIGN KEY (`course_id`) REFERENCES `course` (`id`) ON DELETE RESTRICT ON UPDATE RESTRICT
) ENGINE=InnoDB AUTO_INCREMENT=12 DEFAULT CHARSET=utf8mb4 COLLATE=utf8mb4_unicode_ci ROW_FORMAT=DYNAMIC COMMENT='教学评价表';
/*!40101 SET character_set_client = @saved_cs_client */;

--
-- Dumping data for table `teaching_evaluation`
--

LOCK TABLES `teaching_evaluation` WRITE;
/*!40000 ALTER TABLE `teaching_evaluation` DISABLE KEYS */;
INSERT INTO `teaching_evaluation` VALUES (1,1,14,1,'2025-2026-2',5,4,5,5,4.75,'张老师讲课深入浅出，课堂互动很好，课件制作精良。',1,'SUBMITTED','2026-07-17 09:34:54','2026-07-17 01:34:54'),(2,1,15,2,'2025-2026-2',4,4,4,5,4.25,'李老师认真负责，课后答疑耐心。',1,'SUBMITTED','2026-07-17 09:34:54','2026-07-17 01:34:54'),(3,7,14,1,'2025-2026-2',5,5,4,5,4.75,'很好的一门课，收获很大。',1,'SUBMITTED','2026-07-17 09:34:54','2026-07-17 01:34:54'),(4,8,15,4,'2025-2026-2',4,3,4,4,3.75,'希望增加更多实践环节。',1,'SUBMITTED','2026-07-17 09:34:54','2026-07-17 01:34:54'),(5,5,14,1,'2025-2026-2',5,5,5,4,4.75,'张老师课堂氛围活跃，讲解清晰！',1,'SUBMITTED','2026-07-17 10:45:34','2026-07-17 02:45:34'),(6,6,15,2,'2025-2026-2',4,5,4,4,4.25,'李老师很负责，课后答疑很耐心',1,'SUBMITTED','2026-07-17 10:45:34','2026-07-17 02:45:34'),(7,5,15,4,'2025-2026-2',4,4,3,4,3.75,'希望增加更多实践案例',1,'SUBMITTED','2026-07-17 10:45:34','2026-07-17 02:45:34'),(8,7,17,7,'2025-2026-2',5,4,4,5,4.50,'高数虽难但赵老师讲得很好',0,'SUBMITTED','2026-07-17 10:45:34','2026-07-17 02:45:34'),(9,6,14,1,'2025-2026-2',5,5,4,5,4.75,'很实用！',1,'SUBMITTED','2026-07-17 10:45:34','2026-07-17 02:45:34'),(10,1,14,3,'2025-2026-2',4,4,4,4,4.00,'太好了！',1,'SUBMITTED','2026-07-17 11:15:53','2026-07-17 03:15:53'),(11,1,15,4,'2025-2026-2',3,3,3,3,3.00,'李老师讲课非常有趣啊！\n',1,'SUBMITTED','2026-07-17 16:05:01','2026-07-17 08:05:01');
/*!40000 ALTER TABLE `teaching_evaluation` ENABLE KEYS */;
UNLOCK TABLES;

--
-- Table structure for table `user`
--

DROP TABLE IF EXISTS `user`;
/*!40101 SET @saved_cs_client     = @@character_set_client */;
/*!50503 SET character_set_client = utf8mb4 */;
CREATE TABLE `user` (
  `id` bigint NOT NULL AUTO_INCREMENT COMMENT '用户ID',
  `identity_number` varchar(20) CHARACTER SET utf8mb4 COLLATE utf8mb4_unicode_ci NOT NULL COMMENT '学号/工号',
  `password_hash` varchar(255) CHARACTER SET utf8mb4 COLLATE utf8mb4_unicode_ci NOT NULL COMMENT '密码哈希(BCrypt)',
  `name` varchar(50) CHARACTER SET utf8mb4 COLLATE utf8mb4_unicode_ci NOT NULL COMMENT '姓名',
  `gender` varchar(10) COLLATE utf8mb4_unicode_ci DEFAULT NULL,
  `phone` varchar(15) CHARACTER SET utf8mb4 COLLATE utf8mb4_unicode_ci DEFAULT NULL COMMENT '手机号',
  `email` varchar(100) CHARACTER SET utf8mb4 COLLATE utf8mb4_unicode_ci DEFAULT NULL COMMENT '邮箱',
  `avatar_url` varchar(255) CHARACTER SET utf8mb4 COLLATE utf8mb4_unicode_ci DEFAULT NULL COMMENT '头像URL',
  `status` varchar(20) COLLATE utf8mb4_unicode_ci DEFAULT NULL,
  `last_login_ip` varchar(50) CHARACTER SET utf8mb4 COLLATE utf8mb4_unicode_ci DEFAULT NULL COMMENT '最后登录IP',
  `last_login_time` datetime DEFAULT NULL COMMENT '最后登录时间',
  `info_completeness` int DEFAULT NULL,
  `created_time` datetime NOT NULL DEFAULT CURRENT_TIMESTAMP COMMENT '创建时间',
  `updated_time` timestamp NOT NULL DEFAULT CURRENT_TIMESTAMP ON UPDATE CURRENT_TIMESTAMP COMMENT '更新时间',
  PRIMARY KEY (`id`) USING BTREE,
  UNIQUE KEY `identity_number` (`identity_number`) USING BTREE,
  KEY `idx_identity` (`identity_number`) USING BTREE,
  KEY `idx_phone` (`phone`) USING BTREE,
  KEY `idx_email` (`email`) USING BTREE,
  KEY `idx_status` (`status`) USING BTREE
) ENGINE=InnoDB AUTO_INCREMENT=37 DEFAULT CHARSET=utf8mb4 COLLATE=utf8mb4_unicode_ci ROW_FORMAT=DYNAMIC COMMENT='用户主表';
/*!40101 SET character_set_client = @saved_cs_client */;

--
-- Dumping data for table `user`
--

LOCK TABLES `user` WRITE;
/*!40000 ALTER TABLE `user` DISABLE KEYS */;
INSERT INTO `user` VALUES (1,'2023112588','1111','虎一铭','M','13899767523','2769693682@qq.com','hym.jpg','NORMAL',NULL,'2026-07-18 12:46:44',0,'2026-07-16 19:59:40','2026-07-18 04:46:44'),(2,'2023112618','1111','赵美婷','F','13094482757','zmt@qq.com','avatar_2.jpg','NORMAL',NULL,'2026-07-18 12:25:16',0,'2026-07-16 20:05:34','2026-07-18 04:25:16'),(3,'2023112580','1111','徐娅','F','17780451742','xuya@qq.com','xy.jpg','NORMAL',NULL,'2026-07-18 11:44:21',0,'2026-07-16 20:12:44','2026-07-18 03:44:21'),(4,'admin','1111','admin','M','13599785649','admin@swjtu.com','admin.jpg','NORMAL',NULL,'2026-07-18 11:45:39',0,'2026-07-16 20:17:39','2026-07-18 03:45:39'),(5,'2023112001','123456','李明远','M','13901001001','limingyuan@qq.com',NULL,'NORMAL',NULL,NULL,0,'2026-07-17 09:34:54','2026-07-17 04:39:04'),(6,'2023112002','123456','王思雨','F','13901001002','wangsiyu@qq.com',NULL,'NORMAL',NULL,NULL,0,'2026-07-17 09:34:54','2026-07-17 04:39:04'),(7,'2023112003','123456','张浩然','M','13901001003','zhanghaoran@qq.com',NULL,'NORMAL',NULL,NULL,0,'2026-07-17 09:34:54','2026-07-17 04:39:04'),(8,'2023112004','123456','刘雨桐','F','13901001004','liuyutong@qq.com',NULL,'NORMAL',NULL,NULL,0,'2026-07-17 09:34:54','2026-07-17 04:39:04'),(9,'2024112001','123456','陈子涵','M','13901001005','chenzihan@qq.com',NULL,'NORMAL',NULL,NULL,0,'2026-07-17 09:34:54','2026-07-17 04:39:04'),(10,'2024112002','123456','赵俊杰','M','13901001006','zhaojunjie@qq.com',NULL,'NORMAL',NULL,NULL,0,'2026-07-17 09:34:54','2026-07-17 04:39:04'),(11,'2024112003','123456','孙晓萌','F','13901001007','sunxiaomeng@qq.com',NULL,'NORMAL',NULL,NULL,0,'2026-07-17 09:34:54','2026-07-17 04:39:04'),(12,'2024112004','123456','周小雅','F','13901001008','zhouxiaoya@qq.com',NULL,'NORMAL',NULL,NULL,0,'2026-07-17 09:34:54','2026-07-17 04:39:04'),(13,'2023112005','123456','吴昊','M','13901001009','wuhao@qq.com',NULL,'NORMAL',NULL,NULL,0,'2026-07-17 09:34:54','2026-07-17 04:39:04'),(14,'2023001','1111','张明华','M','13901002001','zhangminghua@sc.edu.cn',NULL,'NORMAL',NULL,'2026-07-18 10:47:13',0,'2026-07-17 09:34:54','2026-07-18 02:47:13'),(15,'2023002','123456','李芳','F','13901002002','lifang@sc.edu.cn',NULL,'NORMAL',NULL,'2026-07-17 16:05:22',0,'2026-07-17 09:34:54','2026-07-17 08:05:22'),(16,'2023003','123456','王建国','M','13901002003','wangjianguo@sc.edu.cn',NULL,'NORMAL',NULL,NULL,0,'2026-07-17 09:34:54','2026-07-17 07:56:23'),(17,'2023004','123456','赵文博','M','13901002004','zhaowenbo@sc.edu.cn',NULL,'NORMAL',NULL,NULL,0,'2026-07-17 09:34:54','2026-07-17 07:56:27'),(18,'2023112589','1111','Ariana','F','13900000001','ariana@sc.edu.cn','ariana.jpg','NORMAL',NULL,'2026-07-18 11:45:00',0,'2026-07-17 13:47:14','2026-07-18 03:45:00'),(19,'2023005','123456','吴志强','M','13901002001','wuzhiqiang@edu.cn',NULL,'NORMAL',NULL,'2026-07-18 10:32:15',1,'2026-07-18 10:26:02','2026-07-18 02:32:15'),(20,'2023006','123456','陈雅琳','F','13901002002','chenyalin@edu.cn',NULL,'NORMAL',NULL,NULL,1,'2026-07-18 10:26:02','2026-07-18 02:26:02'),(21,'2023007','123456','林晓薇','F','13901002003','linxiaowei@edu.cn',NULL,'NORMAL',NULL,NULL,1,'2026-07-18 10:26:02','2026-07-18 02:26:02'),(22,'2023008','123456','钱慧','F','13901002004','qianhui@edu.cn',NULL,'NORMAL',NULL,NULL,1,'2026-07-18 10:26:02','2026-07-18 02:26:02'),(23,'2023112010','123456','张悦然','F','13901002101','zhangyueran@stu.edu.cn',NULL,'NORMAL',NULL,NULL,1,'2026-07-18 10:26:02','2026-07-18 02:26:02'),(24,'2023112011','123456','黄思远','M','13901002102','huangsiyuan@stu.edu.cn',NULL,'NORMAL',NULL,NULL,1,'2026-07-18 10:26:02','2026-07-18 02:26:02'),(25,'2024112010','123456','郑雨晴','F','13901002103','zhengyuqing@stu.edu.cn',NULL,'NORMAL',NULL,NULL,1,'2026-07-18 10:26:02','2026-07-18 02:26:02'),(26,'2023009','123456','孙建国','M','13901002005','sunjianguo@edu.cn',NULL,'NORMAL',NULL,NULL,1,'2026-07-18 10:26:02','2026-07-18 02:26:02'),(27,'2023010','123456','周明辉','M','13901002006','zhouminghui@edu.cn',NULL,'NORMAL',NULL,NULL,1,'2026-07-18 10:26:02','2026-07-18 02:26:02'),(28,'2023112012','123456','马晓东','M','13901002104','maxiaodong@stu.edu.cn',NULL,'NORMAL',NULL,NULL,1,'2026-07-18 10:26:02','2026-07-18 02:26:02'),(29,'2023112013','123456','罗嘉文','M','13901002105','luojiawen@stu.edu.cn',NULL,'NORMAL',NULL,NULL,1,'2026-07-18 10:26:02','2026-07-18 02:26:02'),(30,'2024112011','123456','何小燕','F','13901002106','hexiaoyan@stu.edu.cn',NULL,'NORMAL',NULL,NULL,1,'2026-07-18 10:26:02','2026-07-18 02:26:02'),(31,'2023011','123456','李博文','M','13901002007','libowen@edu.cn',NULL,'NORMAL',NULL,NULL,1,'2026-07-18 10:26:02','2026-07-18 02:26:02'),(32,'2023012','123456','刘芳菲','F','13901002008','liufangfei@edu.cn',NULL,'NORMAL',NULL,NULL,1,'2026-07-18 10:26:02','2026-07-18 02:26:02'),(33,'2023112014','123456','高思琪','F','13901002107','gaosiqi@stu.edu.cn',NULL,'NORMAL',NULL,NULL,1,'2026-07-18 10:26:02','2026-07-18 02:26:02'),(34,'2023112015','123456','唐文博','M','13901002108','tangwenbo@stu.edu.cn',NULL,'NORMAL',NULL,NULL,1,'2026-07-18 10:26:02','2026-07-18 02:26:02'),(35,'2024112012','123456','沈佳怡','F','13901002109','shenjiayi@stu.edu.cn',NULL,'NORMAL',NULL,NULL,1,'2026-07-18 10:26:02','2026-07-18 02:26:02');
/*!40000 ALTER TABLE `user` ENABLE KEYS */;
UNLOCK TABLES;

--
-- Table structure for table `user_profile`
--

DROP TABLE IF EXISTS `user_profile`;
/*!40101 SET @saved_cs_client     = @@character_set_client */;
/*!50503 SET character_set_client = utf8mb4 */;
CREATE TABLE `user_profile` (
  `user_id` bigint NOT NULL COMMENT '用户ID',
  `department` varchar(100) CHARACTER SET utf8mb4 COLLATE utf8mb4_unicode_ci DEFAULT NULL COMMENT '院系',
  `major` varchar(100) CHARACTER SET utf8mb4 COLLATE utf8mb4_unicode_ci DEFAULT NULL COMMENT '专业（学生）',
  `grade` varchar(20) CHARACTER SET utf8mb4 COLLATE utf8mb4_unicode_ci DEFAULT NULL COMMENT '年级（如2024级）',
  `class_name` varchar(50) CHARACTER SET utf8mb4 COLLATE utf8mb4_unicode_ci DEFAULT NULL COMMENT '班级',
  `title` varchar(50) CHARACTER SET utf8mb4 COLLATE utf8mb4_unicode_ci DEFAULT NULL COMMENT '职称（教师）',
  `id_card` varchar(255) CHARACTER SET utf8mb4 COLLATE utf8mb4_unicode_ci DEFAULT NULL COMMENT '身份证号（AES加密）',
  `address` varchar(255) CHARACTER SET utf8mb4 COLLATE utf8mb4_unicode_ci DEFAULT NULL COMMENT '家庭住址',
  `emergency_contact` varchar(100) CHARACTER SET utf8mb4 COLLATE utf8mb4_unicode_ci DEFAULT NULL COMMENT '紧急联系人',
  `emergency_phone` varchar(15) CHARACTER SET utf8mb4 COLLATE utf8mb4_unicode_ci DEFAULT NULL COMMENT '紧急联系人电话',
  `enrollment_date` datetime(6) DEFAULT NULL,
  `graduation_date` datetime(6) DEFAULT NULL,
  `created_time` datetime NOT NULL DEFAULT CURRENT_TIMESTAMP,
  `updated_time` timestamp NOT NULL DEFAULT CURRENT_TIMESTAMP ON UPDATE CURRENT_TIMESTAMP,
  PRIMARY KEY (`user_id`) USING BTREE,
  CONSTRAINT `user_profile_ibfk_1` FOREIGN KEY (`user_id`) REFERENCES `user` (`id`) ON DELETE CASCADE ON UPDATE RESTRICT
) ENGINE=InnoDB DEFAULT CHARSET=utf8mb4 COLLATE=utf8mb4_unicode_ci ROW_FORMAT=DYNAMIC COMMENT='用户扩展信息表';
/*!40101 SET character_set_client = @saved_cs_client */;

--
-- Dumping data for table `user_profile`
--

LOCK TABLES `user_profile` WRITE;
/*!40000 ALTER TABLE `user_profile` DISABLE KEYS */;
INSERT INTO `user_profile` VALUES (1,'计算机学院','软件工程','2023级','软件2302','学生',NULL,'西南交大','马秀英','13899767523','2023-09-01 00:00:00.000000','2027-06-01 00:00:00.000000','2026-07-16 20:44:02','2026-07-16 12:57:49'),(2,'计算机学院','',NULL,NULL,'辅导员',NULL,'西南交大','赵美婷','17780451742',NULL,NULL,'2026-07-16 20:44:02','2026-07-17 05:13:59'),(3,'计算机学院','',NULL,NULL,'院长',NULL,'江南春府','徐娅','17780451742',NULL,NULL,'2026-07-16 20:44:02','2026-07-17 05:13:54'),(4,'信息中心',NULL,NULL,NULL,NULL,NULL,NULL,NULL,NULL,NULL,NULL,'2026-07-16 20:44:02','2026-07-16 12:44:02'),(5,'计算机学院','软件工程','2023级','软件2301','学生',NULL,'西南交大北区3栋','李建国','13901001001','2023-09-01 00:00:00.000000','2027-06-01 00:00:00.000000','2026-07-17 09:34:54','2026-07-17 01:34:54'),(6,'计算机学院','软件工程','2023级','软件2301','学生',NULL,'西南交大北区3栋','王大明','13901001002','2023-09-01 00:00:00.000000','2027-06-01 00:00:00.000000','2026-07-17 09:34:54','2026-07-17 01:34:54'),(7,'计算机学院','计算机科学','2023级','计科2301','学生',NULL,'西南交大北区5栋','张伟','13901001003','2023-09-01 00:00:00.000000','2027-06-01 00:00:00.000000','2026-07-17 09:34:54','2026-07-17 01:34:54'),(8,'计算机学院','计算机科学','2023级','计科2301','学生',NULL,'西南交大北区5栋','刘强','13901001004','2023-09-01 00:00:00.000000','2027-06-01 00:00:00.000000','2026-07-17 09:34:54','2026-07-17 01:34:54'),(9,'计算机学院','人工智能','2024级','人工2401','学生',NULL,'西南交大南区2栋','陈刚','13901001005','2024-09-01 00:00:00.000000','2028-06-01 00:00:00.000000','2026-07-17 09:34:54','2026-07-17 01:34:54'),(10,'计算机学院','人工智能','2024级','人工2401','学生',NULL,'西南交大南区2栋','赵强','13901001006','2024-09-01 00:00:00.000000','2028-06-01 00:00:00.000000','2026-07-17 09:34:54','2026-07-17 01:34:54'),(11,'经管学院','工商管理','2024级','工商2401','学生',NULL,'西南交大南区3栋','孙父','13901001007','2024-09-01 00:00:00.000000','2028-06-01 00:00:00.000000','2026-07-17 09:34:54','2026-07-17 01:34:54'),(12,'经管学院','会计学','2024级','会计2401','学生',NULL,'西南交大南区3栋','周父','13901001008','2024-09-01 00:00:00.000000','2028-06-01 00:00:00.000000','2026-07-17 09:34:54','2026-07-17 01:34:54'),(13,'理学院','数学与应用数学','2023级','数学2301','学生',NULL,'西南交大北区1栋','吴父','13901001009','2023-09-01 00:00:00.000000','2027-06-01 00:00:00.000000','2026-07-17 09:34:54','2026-07-17 01:34:54'),(14,'计算机学院','',NULL,NULL,'教授',NULL,'西南交大家属区12栋','张妻','13901002001',NULL,NULL,'2026-07-17 09:34:54','2026-07-17 04:55:18'),(15,'计算机学院',NULL,NULL,NULL,'副教授',NULL,'西南交大家属区8栋','李夫','13901002002',NULL,NULL,'2026-07-17 09:34:54','2026-07-17 01:34:54'),(16,'经管学院',NULL,NULL,NULL,'教授',NULL,'西南交大家属区5栋','王妻','13901002003',NULL,NULL,'2026-07-17 09:34:54','2026-07-17 01:34:54'),(17,'理学院',NULL,NULL,NULL,'讲师',NULL,'西南交大家属区3栋','赵妻','13901002004',NULL,NULL,'2026-07-17 09:34:54','2026-07-17 01:34:54'),(18,'校办',NULL,NULL,NULL,'校长',NULL,'行政楼501','Ariana助理','13900000002',NULL,NULL,'2026-07-17 13:47:14','2026-07-17 05:47:14'),(19,'理学院',NULL,NULL,NULL,'教授',NULL,NULL,NULL,NULL,NULL,NULL,'2026-07-18 10:26:02','2026-07-18 02:26:02'),(20,'经管学院',NULL,NULL,NULL,'教授',NULL,NULL,NULL,NULL,NULL,NULL,'2026-07-18 10:26:02','2026-07-18 02:26:02'),(21,'外国语学院',NULL,NULL,NULL,'教授',NULL,NULL,NULL,NULL,NULL,NULL,'2026-07-18 10:26:02','2026-07-18 02:26:02'),(22,'外国语学院',NULL,NULL,NULL,'辅导员',NULL,NULL,NULL,NULL,NULL,NULL,'2026-07-18 10:26:02','2026-07-18 02:26:02'),(23,'外国语学院','英语','2023级','英语2301',NULL,NULL,NULL,NULL,NULL,NULL,NULL,'2026-07-18 10:26:02','2026-07-18 02:26:02'),(24,'外国语学院','日语','2023级','日语2301',NULL,NULL,NULL,NULL,NULL,NULL,NULL,'2026-07-18 10:26:02','2026-07-18 02:26:02'),(25,'外国语学院','英语','2024级','英语2401',NULL,NULL,NULL,NULL,NULL,NULL,NULL,'2026-07-18 10:26:02','2026-07-18 02:26:02'),(26,'电子信息学院',NULL,NULL,NULL,'教授',NULL,NULL,NULL,NULL,NULL,NULL,'2026-07-18 10:26:02','2026-07-18 02:26:02'),(27,'电子信息学院',NULL,NULL,NULL,'辅导员',NULL,NULL,NULL,NULL,NULL,NULL,'2026-07-18 10:26:02','2026-07-18 02:26:02'),(28,'电子信息学院','电子信息工程','2023级','电信2301',NULL,NULL,NULL,NULL,NULL,NULL,NULL,'2026-07-18 10:26:02','2026-07-18 02:26:02'),(29,'电子信息学院','通信工程','2023级','通信2301',NULL,NULL,NULL,NULL,NULL,NULL,NULL,'2026-07-18 10:26:02','2026-07-18 02:26:02'),(30,'电子信息学院','电子信息工程','2024级','电信2401',NULL,NULL,NULL,NULL,NULL,NULL,NULL,'2026-07-18 10:26:02','2026-07-18 02:26:02'),(31,'医学院',NULL,NULL,NULL,'教授',NULL,NULL,NULL,NULL,NULL,NULL,'2026-07-18 10:26:02','2026-07-18 02:26:02'),(32,'医学院',NULL,NULL,NULL,'辅导员',NULL,NULL,NULL,NULL,NULL,NULL,'2026-07-18 10:26:02','2026-07-18 02:26:02'),(33,'医学院','临床医学','2023级','临床2301',NULL,NULL,NULL,NULL,NULL,NULL,NULL,'2026-07-18 10:26:02','2026-07-18 02:26:02'),(34,'医学院','护理学','2023级','护理2301',NULL,NULL,NULL,NULL,NULL,NULL,NULL,'2026-07-18 10:26:02','2026-07-18 02:26:02'),(35,'医学院','临床医学','2024级','临床2401',NULL,NULL,NULL,NULL,NULL,NULL,NULL,'2026-07-18 10:26:02','2026-07-18 02:26:02');
/*!40000 ALTER TABLE `user_profile` ENABLE KEYS */;
UNLOCK TABLES;

--
-- Table structure for table `user_role`
--

DROP TABLE IF EXISTS `user_role`;
/*!40101 SET @saved_cs_client     = @@character_set_client */;
/*!50503 SET character_set_client = utf8mb4 */;
CREATE TABLE `user_role` (
  `id` bigint NOT NULL AUTO_INCREMENT,
  `user_id` bigint NOT NULL COMMENT '用户ID',
  `role_id` bigint NOT NULL COMMENT '角色ID',
  `is_default` int DEFAULT NULL,
  `created_time` datetime NOT NULL DEFAULT CURRENT_TIMESTAMP,
  PRIMARY KEY (`id`) USING BTREE,
  UNIQUE KEY `uk_user_role` (`user_id`,`role_id`) USING BTREE,
  KEY `role_id` (`role_id`) USING BTREE,
  CONSTRAINT `user_role_ibfk_1` FOREIGN KEY (`user_id`) REFERENCES `user` (`id`) ON DELETE CASCADE ON UPDATE RESTRICT,
  CONSTRAINT `user_role_ibfk_2` FOREIGN KEY (`role_id`) REFERENCES `role` (`id`) ON DELETE CASCADE ON UPDATE RESTRICT
) ENGINE=InnoDB AUTO_INCREMENT=37 DEFAULT CHARSET=utf8mb4 COLLATE=utf8mb4_unicode_ci ROW_FORMAT=DYNAMIC COMMENT='用户角色关联表';
/*!40101 SET character_set_client = @saved_cs_client */;

--
-- Dumping data for table `user_role`
--

LOCK TABLES `user_role` WRITE;
/*!40000 ALTER TABLE `user_role` DISABLE KEYS */;
INSERT INTO `user_role` VALUES (1,1,1,1,'2026-07-16 19:59:40'),(2,2,2,1,'2026-07-16 20:05:33'),(3,3,3,1,'2026-07-16 20:12:43'),(4,4,4,1,'2026-07-16 20:17:38'),(5,5,1,1,'2026-07-17 09:34:54'),(6,6,1,1,'2026-07-17 09:34:54'),(7,7,1,1,'2026-07-17 09:34:54'),(8,8,1,1,'2026-07-17 09:34:54'),(9,9,1,1,'2026-07-17 09:34:54'),(10,10,1,1,'2026-07-17 09:34:54'),(11,11,1,1,'2026-07-17 09:34:54'),(12,12,1,1,'2026-07-17 09:34:54'),(13,13,1,1,'2026-07-17 09:34:54'),(14,14,2,1,'2026-07-17 09:34:54'),(15,15,2,1,'2026-07-17 09:34:54'),(16,16,2,1,'2026-07-17 09:34:54'),(17,17,2,1,'2026-07-17 09:34:54'),(18,18,3,1,'2026-07-17 13:47:14'),(19,19,3,NULL,'2026-07-18 10:26:02'),(20,20,3,NULL,'2026-07-18 10:26:02'),(21,21,3,NULL,'2026-07-18 10:26:02'),(22,22,2,NULL,'2026-07-18 10:26:02'),(23,23,1,NULL,'2026-07-18 10:26:02'),(24,24,1,NULL,'2026-07-18 10:26:02'),(25,25,1,NULL,'2026-07-18 10:26:02'),(26,26,3,NULL,'2026-07-18 10:26:02'),(27,27,2,NULL,'2026-07-18 10:26:02'),(28,28,1,NULL,'2026-07-18 10:26:02'),(29,29,1,NULL,'2026-07-18 10:26:02'),(30,30,1,NULL,'2026-07-18 10:26:02'),(31,31,3,NULL,'2026-07-18 10:26:02'),(32,32,2,NULL,'2026-07-18 10:26:02'),(33,33,1,NULL,'2026-07-18 10:26:02'),(34,34,1,NULL,'2026-07-18 10:26:02'),(35,35,1,NULL,'2026-07-18 10:26:02');
/*!40000 ALTER TABLE `user_role` ENABLE KEYS */;
UNLOCK TABLES;

--
-- Table structure for table `work_plan`
--

DROP TABLE IF EXISTS `work_plan`;
/*!40101 SET @saved_cs_client     = @@character_set_client */;
/*!50503 SET character_set_client = utf8mb4 */;
CREATE TABLE `work_plan` (
  `id` bigint NOT NULL AUTO_INCREMENT,
  `user_id` bigint NOT NULL COMMENT '计划人ID',
  `user_name` varchar(50) COLLATE utf8mb4_unicode_ci DEFAULT NULL COMMENT '计划人姓名',
  `title` varchar(200) COLLATE utf8mb4_unicode_ci NOT NULL COMMENT '计划标题',
  `content` text COLLATE utf8mb4_unicode_ci COMMENT '计划内容',
  `plan_date` date NOT NULL COMMENT '计划日期',
  `plan_type` varchar(20) COLLATE utf8mb4_unicode_ci DEFAULT NULL,
  `department` varchar(100) COLLATE utf8mb4_unicode_ci DEFAULT NULL COMMENT '所属部门',
  `priority` varchar(10) COLLATE utf8mb4_unicode_ci DEFAULT NULL,
  `status` varchar(20) COLLATE utf8mb4_unicode_ci DEFAULT NULL,
  `finish_time` datetime DEFAULT NULL COMMENT '完成时间',
  `created_time` datetime NOT NULL DEFAULT CURRENT_TIMESTAMP,
  `updated_time` datetime NOT NULL DEFAULT CURRENT_TIMESTAMP ON UPDATE CURRENT_TIMESTAMP,
  PRIMARY KEY (`id`) USING BTREE,
  KEY `idx_user` (`user_id`) USING BTREE,
  KEY `idx_department` (`department`) USING BTREE,
  KEY `idx_plan_date` (`plan_date`) USING BTREE,
  KEY `idx_status` (`status`) USING BTREE,
  CONSTRAINT `fk_workplan_user` FOREIGN KEY (`user_id`) REFERENCES `user` (`id`) ON DELETE RESTRICT ON UPDATE RESTRICT
) ENGINE=InnoDB AUTO_INCREMENT=10 DEFAULT CHARSET=utf8mb4 COLLATE=utf8mb4_unicode_ci COMMENT='工作计划表';
/*!40101 SET character_set_client = @saved_cs_client */;

--
-- Dumping data for table `work_plan`
--

LOCK TABLES `work_plan` WRITE;
/*!40000 ALTER TABLE `work_plan` DISABLE KEYS */;
INSERT INTO `work_plan` VALUES (1,3,'徐娅','审核各学院下学期课程安排','审核教务处提交的各学院2026-2027学年第一学期课程安排表，确保课程设置合理。','2026-07-17','WORK','校办','HIGH','COMPLETED','2026-07-17 13:40:53','2026-07-17 09:34:54','2026-07-17 13:40:53'),(2,3,'徐娅','参加校务会议','参加校长主持的校务会议，讨论新学期工作安排和预算分配。','2026-07-18','MEETING','校办','HIGH','COMPLETED','2026-07-17 13:40:57','2026-07-17 09:34:54','2026-07-17 13:40:57'),(3,3,'徐娅','新学期工作计划制定','制定2026-2027学年第一学期工作计划，包括教学督导、科研推进、师资建设等。','2026-07-20','WORK','校办','MEDIUM','PENDING',NULL,'2026-07-17 09:34:54','2026-07-17 09:34:54'),(4,14,'张明华','期末考试成绩录入','完成数据结构与算法、数据库原理与应用课程的期末考试成绩录入和审核。','2026-07-17','WORK','计算机学院','HIGH','COMPLETED','2026-07-17 16:00:00','2026-07-17 09:34:54','2026-07-17 09:34:54'),(5,14,'张明华','科研项目中期报告撰写','撰写国家自然科学基金项目中期进展报告，整理已发表论文和申请专利材料。','2026-07-19','WORK','计算机学院','MEDIUM','IN_PROGRESS',NULL,'2026-07-17 09:34:54','2026-07-17 09:34:54'),(6,3,'徐娅','教学督导检查','对计算机学院、经管学院进行教学督导检查','2026-07-22','WORK','校办','HIGH','PENDING',NULL,'2026-07-17 10:45:34','2026-07-17 10:45:34'),(7,14,'张明华','课程大纲修订','修订《数据结构》和《数据库原理》教学大纲','2026-07-25','WORK','计算机学院','MEDIUM','PENDING',NULL,'2026-07-17 10:45:34','2026-07-17 10:45:34'),(8,15,'李芳','期末成绩分析报告','分析2025-2026-2学期所授课程成绩','2026-07-18','WORK','计算机学院','HIGH','IN_PROGRESS',NULL,'2026-07-17 10:45:34','2026-07-17 10:45:34');
/*!40000 ALTER TABLE `work_plan` ENABLE KEYS */;
UNLOCK TABLES;
/*!40103 SET TIME_ZONE=@OLD_TIME_ZONE */;

/*!40101 SET SQL_MODE=@OLD_SQL_MODE */;
/*!40014 SET FOREIGN_KEY_CHECKS=@OLD_FOREIGN_KEY_CHECKS */;
/*!40014 SET UNIQUE_CHECKS=@OLD_UNIQUE_CHECKS */;
/*!40101 SET CHARACTER_SET_CLIENT=@OLD_CHARACTER_SET_CLIENT */;
/*!40101 SET CHARACTER_SET_RESULTS=@OLD_CHARACTER_SET_RESULTS */;
/*!40101 SET COLLATION_CONNECTION=@OLD_COLLATION_CONNECTION */;
/*!40111 SET SQL_NOTES=@OLD_SQL_NOTES */;

-- Dump completed on 2026-07-18 15:16:35
