-- ============================================================
-- 智慧校园服务平台 - 测试数据
-- 覆盖所有37张表，模拟真实校园场景
-- ============================================================

USE smart_campus;

-- ============================================================
-- 1. 身份注册库 (补充更多学生和教师)
-- ============================================================
INSERT INTO identity_registry (identity_number, name, id_card_last6, role_id, department, major, grade, class_name, status) VALUES
('2023112001', '李明远', '320511', 1, '计算机学院', '软件工程',     '2023级', '软件2301', 0),
('2023112002', '王思雨', '320512', 1, '计算机学院', '软件工程',     '2023级', '软件2301', 0),
('2023112003', '张浩然', '320513', 1, '计算机学院', '计算机科学',   '2023级', '计科2301', 0),
('2023112004', '刘雨桐', '320514', 1, '计算机学院', '计算机科学',   '2023级', '计科2301', 0),
('2024112001', '陈子涵', '320515', 1, '计算机学院', '人工智能',     '2024级', '人工2401', 0),
('2024112002', '赵俊杰', '320516', 1, '计算机学院', '人工智能',     '2024级', '人工2401', 0),
('2024112003', '孙晓萌', '320517', 1, '经管学院',   '工商管理',     '2024级', '工商2401', 0),
('2024112004', '周小雅', '320518', 1, '经管学院',   '会计学',       '2024级', '会计2401', 0),
('2023112005', '吴昊',   '320519', 1, '理学院',     '数学与应用数学','2023级', '数学2301', 0),
('T2023001',   '张明华', '320520', 2, '计算机学院', NULL, NULL, NULL, 0),
('T2023002',   '李芳',   '320521', 2, '计算机学院', NULL, NULL, NULL, 0),
('T2023003',   '王建国', '320522', 2, '经管学院',   NULL, NULL, NULL, 0),
('T2023004',   '赵文博', '320523', 2, '理学院',     NULL, NULL, NULL, 0);

-- ============================================================
-- 2. 用户表 (补充学生和教师用户)
-- 密码都是 123456 (BCrypt)
-- ============================================================
INSERT INTO user (identity_number, password_hash, name, gender, phone, email, status, info_completeness) VALUES
('2023112001', '$2a$10$qt.pr.Z3Xq9LuykYhuvZZei0Hf3cuZhOlH3TyWaMDVgwy4aUukgKu', '李明远', 'M', '13901001001', 'limingyuan@qq.com', 'NORMAL', 0),
('2023112002', '$2a$10$qt.pr.Z3Xq9LuykYhuvZZei0Hf3cuZhOlH3TyWaMDVgwy4aUukgKu', '王思雨', 'F', '13901001002', 'wangsiyu@qq.com', 'NORMAL', 0),
('2023112003', '$2a$10$qt.pr.Z3Xq9LuykYhuvZZei0Hf3cuZhOlH3TyWaMDVgwy4aUukgKu', '张浩然', 'M', '13901001003', 'zhanghaoran@qq.com', 'NORMAL', 0),
('2023112004', '$2a$10$qt.pr.Z3Xq9LuykYhuvZZei0Hf3cuZhOlH3TyWaMDVgwy4aUukgKu', '刘雨桐', 'F', '13901001004', 'liuyutong@qq.com', 'NORMAL', 0),
('2024112001', '$2a$10$qt.pr.Z3Xq9LuykYhuvZZei0Hf3cuZhOlH3TyWaMDVgwy4aUukgKu', '陈子涵', 'M', '13901001005', 'chenzihan@qq.com', 'NORMAL', 0),
('2024112002', '$2a$10$qt.pr.Z3Xq9LuykYhuvZZei0Hf3cuZhOlH3TyWaMDVgwy4aUukgKu', '赵俊杰', 'M', '13901001006', 'zhaojunjie@qq.com', 'NORMAL', 0),
('2024112003', '$2a$10$qt.pr.Z3Xq9LuykYhuvZZei0Hf3cuZhOlH3TyWaMDVgwy4aUukgKu', '孙晓萌', 'F', '13901001007', 'sunxiaomeng@qq.com', 'NORMAL', 0),
('2024112004', '$2a$10$qt.pr.Z3Xq9LuykYhuvZZei0Hf3cuZhOlH3TyWaMDVgwy4aUukgKu', '周小雅', 'F', '13901001008', 'zhouxiaoya@qq.com', 'NORMAL', 0),
('2023112005', '$2a$10$qt.pr.Z3Xq9LuykYhuvZZei0Hf3cuZhOlH3TyWaMDVgwy4aUukgKu', '吴昊',   'M', '13901001009', 'wuhao@qq.com', 'NORMAL', 0),
('T2023001',   '$2a$10$qt.pr.Z3Xq9LuykYhuvZZei0Hf3cuZhOlH3TyWaMDVgwy4aUukgKu', '张明华', 'M', '13901002001', 'zhangminghua@sc.edu.cn', 'NORMAL', 0),
('T2023002',   '$2a$10$qt.pr.Z3Xq9LuykYhuvZZei0Hf3cuZhOlH3TyWaMDVgwy4aUukgKu', '李芳',   'F', '13901002002', 'lifang@sc.edu.cn', 'NORMAL', 0),
('T2023003',   '$2a$10$qt.pr.Z3Xq9LuykYhuvZZei0Hf3cuZhOlH3TyWaMDVgwy4aUukgKu', '王建国', 'M', '13901002003', 'wangjianguo@sc.edu.cn', 'NORMAL', 0),
('T2023004',   '$2a$10$qt.pr.Z3Xq9LuykYhuvZZei0Hf3cuZhOlH3TyWaMDVgwy4aUukgKu', '赵文博', 'M', '13901002004', 'zhaowenbo@sc.edu.cn', 'NORMAL', 0);

-- ============================================================
-- 3. 用户角色关联
-- ============================================================
INSERT INTO user_role (user_id, role_id, is_default) VALUES
(5, 1, 1), (6, 1, 1), (7, 1, 1), (8, 1, 1), (9, 1, 1),
(10, 1, 1), (11, 1, 1), (12, 1, 1), (13, 1, 1),
(14, 2, 1), (15, 2, 1), (16, 2, 1), (17, 2, 1);

-- ============================================================
-- 4. 用户档案
-- ============================================================
INSERT INTO user_profile (user_id, department, major, grade, class_name, title, address, emergency_contact, emergency_phone, enrollment_date, graduation_date) VALUES
(5,  '计算机学院', '软件工程',     '2023级', '软件2301', '学生', '西南交大北区3栋', '李建国', '13901001001', '2023-09-01 00:00:00', '2027-06-01 00:00:00'),
(6,  '计算机学院', '软件工程',     '2023级', '软件2301', '学生', '西南交大北区3栋', '王大明', '13901001002', '2023-09-01 00:00:00', '2027-06-01 00:00:00'),
(7,  '计算机学院', '计算机科学',   '2023级', '计科2301', '学生', '西南交大北区5栋', '张伟',   '13901001003', '2023-09-01 00:00:00', '2027-06-01 00:00:00'),
(8,  '计算机学院', '计算机科学',   '2023级', '计科2301', '学生', '西南交大北区5栋', '刘强',   '13901001004', '2023-09-01 00:00:00', '2027-06-01 00:00:00'),
(9,  '计算机学院', '人工智能',     '2024级', '人工2401', '学生', '西南交大南区2栋', '陈刚',   '13901001005', '2024-09-01 00:00:00', '2028-06-01 00:00:00'),
(10, '计算机学院', '人工智能',     '2024级', '人工2401', '学生', '西南交大南区2栋', '赵强',   '13901001006', '2024-09-01 00:00:00', '2028-06-01 00:00:00'),
(11, '经管学院',   '工商管理',     '2024级', '工商2401', '学生', '西南交大南区3栋', '孙父',   '13901001007', '2024-09-01 00:00:00', '2028-06-01 00:00:00'),
(12, '经管学院',   '会计学',       '2024级', '会计2401', '学生', '西南交大南区3栋', '周父',   '13901001008', '2024-09-01 00:00:00', '2028-06-01 00:00:00'),
(13, '理学院',     '数学与应用数学','2023级', '数学2301', '学生', '西南交大北区1栋', '吴父',   '13901001009', '2023-09-01 00:00:00', '2027-06-01 00:00:00'),
(14, '计算机学院', NULL, NULL, NULL, '教授',   '西南交大家属区12栋', '张妻', '13901002001', NULL, NULL),
(15, '计算机学院', NULL, NULL, NULL, '副教授', '西南交大家属区8栋',  '李夫', '13901002002', NULL, NULL),
(16, '经管学院',   NULL, NULL, NULL, '教授',   '西南交大家属区5栋',  '王妻', '13901002003', NULL, NULL),
(17, '理学院',     NULL, NULL, NULL, '讲师',   '西南交大家属区3栋',  '赵妻', '13901002004', NULL, NULL);

-- ============================================================
-- 5. 公告 (announcement)
-- ============================================================
INSERT INTO announcement (title, content, publisher_id, publisher_name, target_roles, is_top, is_urgent, start_time, end_time, view_count, status) VALUES
('关于2025-2026学年第二学期期末考试安排的通知',
 '<p>各学院、各班级：</p><p>根据学校教学工作安排，本学期期末考试将于第18-19周（2026年7月6日-7月17日）进行。请各学院做好考试组织工作，各班级通知学生认真备考。</p><p>具体考试安排请登录系统查看"考试安排"模块。</p>',
 4, '管理员', 'STUDENT,TEACHER', 1, 0, '2026-07-01 08:00:00', '2026-07-20 23:59:59', 356, 'PUBLISHED'),

('关于2026年暑假放假及安全注意事项的通知',
 '<p>全校师生：</p><p>根据校历安排，2026年暑假自7月20日至8月30日，共6周。8月31日（周一）正式上课。</p><p>假期期间请注意人身安全、交通安全和财产安全，祝大家暑假愉快！</p>',
 4, '管理员', 'STUDENT,TEACHER,LEADER', 1, 0, '2026-07-10 09:00:00', '2026-09-01 23:59:59', 1203, 'PUBLISHED'),

('关于校园一卡通系统升级的公告',
 '<p>各位师生：</p><p>校园一卡通系统将于7月20日-7月25日进行升级维护，期间部分功能可能受限，建议提前充值。升级后支持微信、支付宝扫码支付。</p>',
 4, '管理员', 'STUDENT,TEACHER,LEADER,ADMIN', 0, 1, '2026-07-15 10:00:00', '2026-07-26 23:59:59', 854, 'PUBLISHED'),

('2026年大学生创新创业训练计划项目申报通知',
 '<p>各学院：</p><p>2026年大学生创新创业训练计划项目申报工作现已启动。本次计划立项国家级项目20项、省级项目50项、校级项目100项。请有意申报的同学于9月15日前提交申请书。</p>',
 4, '管理员', 'STUDENT,TEACHER', 0, 0, '2026-06-20 08:00:00', '2026-09-16 23:59:59', 567, 'PUBLISHED'),

('关于毕业论文（设计）检测工作的通知',
 '<p>各学院、2027届毕业生：</p><p>根据学校毕业论文管理规定，所有毕业论文（设计）须通过学术不端检测。检测重复率不得超过30%。</p><p>第一批检测时间为2026年12月1日-15日。</p>',
 4, '管理员', 'STUDENT,TEACHER', 0, 0, '2026-06-15 08:00:00', '2026-12-16 23:59:59', 901, 'PUBLISHED');

-- ============================================================
-- 6. 新闻 (news)
-- ============================================================
INSERT INTO news (title, summary, content, cover_image, category, source, publisher_id, publisher_name, view_count, like_count, status, publish_time) VALUES
('我校在2026年全国大学生计算机设计大赛中获佳绩',
 '我校代表队荣获全国一等奖2项、二等奖3项、三等奖5项，创历史最好成绩。',
 '<p>近日，2026年（第19届）全国大学生计算机设计大赛总决赛在厦门大学举行。我校计算机学院选派8支队伍参赛，经过激烈角逐，最终获得全国一等奖2项、二等奖3项、三等奖5项。</p><p>本次大赛共有来自全国500余所高校的3000余支队伍参赛。我校参赛作品涵盖人工智能应用、软件应用与开发、物联网应用等多个类别。</p>',
 NULL, '学校要闻', '计算机学院', 4, '管理员', 2056, 189, 'PUBLISHED', '2026-07-10 14:30:00'),

('我校与华为技术有限公司签署战略合作协议',
 '双方将在人才培养、科研合作、智慧校园建设等方面开展深度合作。',
 '<p>7月5日上午，我校与华为技术有限公司战略合作签约仪式在学术报告厅举行。华为公司副总裁张某某、校党委书记李某某出席签约仪式。</p><p>根据协议，华为将在学校设立"华为创新人才奖学金"，每年投入500万元用于资助优秀学子。双方还将在AI大模型、云计算、物联网等领域开展联合科研攻关。</p>',
 NULL, '学校要闻', '校办', 4, '管理员', 3142, 256, 'PUBLISHED', '2026-07-05 10:00:00'),

('2026年校园招聘会圆满落幕 提供岗位12000+',
 '本次招聘会共有300余家企业参会，提供就业岗位12000余个，5000余名毕业生到场求职。',
 '<p>6月20日，我校2026年夏季校园招聘会在体育馆举行。参加本次招聘会的企业包括阿里巴巴、腾讯、字节跳动、国家电网、中建集团等知名企业。</p><p>据统计，招聘会现场达成初步就业意向3200余人次，创历年新高。</p>',
 NULL, '就业创业', '招生就业处', 4, '管理员', 4520, 312, 'PUBLISHED', '2026-06-22 16:00:00'),

('图书馆新增数字化学习资源平台',
 '学校图书馆引进了知网、万方、IEEE、ACM等40余个数据库资源。',
 '<p>为更好服务师生教学科研需求，学校图书馆本学期新增了多个数字化学习资源平台。</p><p>目前已开通试用的新平台包括：ChatGPT学术版、AI论文写作助手、虚拟仿真实验平台等。师生可通过校园网免费访问。</p>',
 NULL, '校园生活', '图书馆', 4, '管理员', 1520, 98, 'PUBLISHED', '2026-06-15 09:00:00');

-- ============================================================
-- 7. 课程 (course)
-- ============================================================
INSERT INTO course (course_code, course_name, course_name_en, credit, hours, weekly_hours, course_type, department, description, status) VALUES
('CS101', '数据结构与算法',      'Data Structures and Algorithms', 4.0, 64, 4, 'REQUIRED', '计算机学院', '本课程介绍基本的数据结构（线性表、栈、队列、树、图）和经典算法（排序、搜索、动态规划等）。', 1),
('CS102', '操作系统原理',        'Operating Systems',             3.5, 56, 4, 'REQUIRED', '计算机学院', '学习操作系统的基本原理，包括进程管理、内存管理、文件系统和I/O管理。', 1),
('CS103', '数据库原理与应用',    'Database Principles',            3.0, 48, 3, 'REQUIRED', '计算机学院', '介绍关系数据库的基本概念、SQL语言、数据库设计和规范化理论。', 1),
('CS201', '人工智能导论',        'Introduction to AI',             3.0, 48, 3, 'REQUIRED', '计算机学院', '涵盖搜索、知识表示、机器学习、深度学习等AI核心领域的基础知识。', 1),
('CS202', '软件工程',            'Software Engineering',           3.0, 48, 3, 'REQUIRED', '计算机学院', '学习软件开发全生命周期管理，包括需求分析、系统设计、编码、测试和维护。', 1),
('CS301', '计算机网络',           'Computer Networks',             3.5, 56, 4, 'REQUIRED', '计算机学院', '学习计算机网络体系结构、各层协议、网络安全等。', 1),
('MATH201', '高等数学（下）',     'Advanced Mathematics II',        5.0, 80, 5, 'REQUIRED', '理学院',     '多元函数微积分、级数、常微分方程等。', 1),
('MATH202', '线性代数',           'Linear Algebra',                3.0, 48, 3, 'REQUIRED', '理学院',     '矩阵理论、线性空间、线性变换、特征值与特征向量。', 1),
('BUS101', '管理学原理',          'Principles of Management',      3.0, 48, 3, 'REQUIRED', '经管学院',   '管理的基本概念、计划、组织、领导和控制职能。', 1),
('BUS102', '会计学基础',          'Fundamentals of Accounting',    3.0, 48, 3, 'REQUIRED', '经管学院',   '会计基本理论、复式记账、财务报表编制与分析。', 1);

-- ============================================================
-- 8. 课程安排 (course_schedule) - 2025-2026-2 学期
-- ============================================================
INSERT INTO course_schedule (course_id, teacher_id, semester, class_name, weekday, section_start, section_end, classroom, campus, weeks, max_students, current_students, status) VALUES
(1, 14, '2025-2026-2', '软件2301', 1, 1, 2, '教一楼A201', '主校区', '1-16', 60, 55, 'OPEN'),
(1, 14, '2025-2026-2', '软件2302', 1, 3, 4, '教一楼A201', '主校区', '1-16', 60, 58, 'OPEN'),
(2, 15, '2025-2026-2', '软件2301', 2, 1, 2, '教一楼B102', '主校区', '1-16', 60, 55, 'OPEN'),
(2, 15, '2025-2026-2', '计科2301', 2, 3, 4, '教一楼B102', '主校区', '1-16', 60, 52, 'OPEN'),
(3, 14, '2025-2026-2', '软件2301', 3, 5, 6, '实验楼C301', '主校区', '1-16', 40, 38, 'OPEN'),
(4, 15, '2025-2026-2', '软件2301', 4, 1, 2, '教一楼A301', '主校区', '1-16', 60, 60, 'OPEN'),
(4, 15, '2025-2026-2', '计科2301', 4, 3, 4, '教一楼A301', '主校区', '1-16', 60, 55, 'OPEN'),
(6, 14, '2025-2026-2', '软件2301', 5, 1, 2, '教一楼C101', '主校区', '1-16', 60, 55, 'OPEN'),
(7, 17, '2025-2026-2', '软件2301', 1, 5, 6, '教二楼A201', '主校区', '1-16', 80, 70, 'OPEN'),
(9, 16, '2025-2026-2', '工商2401', 3, 1, 3, '教三楼B301', '主校区', '1-16', 60, 50, 'OPEN'),
(10, 16, '2025-2026-2', '会计2401', 2, 1, 3, '教三楼B401', '主校区', '1-16', 50, 45, 'OPEN'),
(5, 14, '2025-2026-2', '软件2301', 3, 1, 2, '教一楼A302', '主校区', '1-16', 50, 48, 'OPEN');

-- ============================================================
-- 9. 学生选课 (student_course) - 含成绩
-- ============================================================
INSERT INTO student_course (student_id, schedule_id, semester, status, score, gpa, grade_level, exam_type, is_retake, is_makeup, select_time) VALUES
-- 虎一铭(1) 的选课
(1, 1, '2025-2026-2', 'ENROLLED', 85.0, 3.5, 'B', 'FINAL', 0, 0, '2026-02-20 09:00:00'),
(1, 3, '2025-2026-2', 'ENROLLED', 78.0, 3.0, 'C', 'FINAL', 0, 0, '2026-02-20 09:00:00'),
(1, 5, '2025-2026-2', 'ENROLLED', 92.0, 4.0, 'A', 'FINAL', 0, 0, '2026-02-20 09:00:00'),
(1, 6, '2025-2026-2', 'ENROLLED', NULL, NULL, NULL, NULL, 0, 0, '2026-02-20 09:00:00'),
(1, 9, '2025-2026-2', 'ENROLLED', 66.0, 1.5, 'D', 'FINAL', 0, 0, '2026-02-20 09:00:00'),
(1, 8, '2025-2026-2', 'ENROLLED', 73.0, 2.5, 'C', 'FINAL', 0, 0, '2026-02-20 09:00:00'),
-- 张浩然(7) 的选课
(7, 4, '2025-2026-2', 'ENROLLED', 88.0, 3.7, 'B', 'FINAL', 0, 0, '2026-02-20 10:00:00'),
(7, 7, '2025-2026-2', 'ENROLLED', 55.0, 0.0, 'F', 'FINAL', 0, 0, '2026-02-20 10:00:00'),
(7, 12, '2025-2026-2', 'ENROLLED', NULL, NULL, NULL, NULL, 0, 0, '2026-02-20 10:00:00'),
-- 刘雨桐(8) 的选课
(8, 4, '2025-2026-2', 'ENROLLED', 91.0, 4.0, 'A', 'FINAL', 0, 0, '2026-02-20 10:00:00'),
(8, 7, '2025-2026-2', 'ENROLLED', 82.0, 3.3, 'B', 'FINAL', 0, 0, '2026-02-20 10:00:00'),
-- 李明远(5) 的选课
(5, 2, '2025-2026-2', 'ENROLLED', 76.0, 3.0, 'C', 'FINAL', 0, 0, '2026-02-21 09:00:00'),
(5, 5, '2025-2026-2', 'ENROLLED', 95.0, 4.0, 'A', 'FINAL', 0, 0, '2026-02-21 09:00:00'),
-- 王思雨(6) 的选课
(6, 2, '2025-2026-2', 'ENROLLED', 89.0, 3.7, 'B', 'FINAL', 0, 0, '2026-02-21 09:00:00'),
(6, 3, '2025-2026-2', 'ENROLLED', 81.0, 3.3, 'B', 'FINAL', 0, 0, '2026-02-21 09:00:00'),
-- 孙晓萌(11) 经管学院
(11, 10, '2025-2026-2', 'ENROLLED', 87.0, 3.7, 'B', 'FINAL', 0, 0, '2026-02-21 10:00:00'),
-- 周小雅(12) 经管学院
(12, 11, '2025-2026-2', 'ENROLLED', 83.0, 3.3, 'B', 'FINAL', 0, 0, '2026-02-21 10:00:00');

-- ============================================================
-- 10. 补考/重修 (student_retake)
-- ============================================================
INSERT INTO student_retake (student_id, course_id, semester, type, original_score, status, application_time, payment_status) VALUES
(7, 4, '2025-2026-2', 'MAKEUP', 55.0, 'APPROVED', '2026-07-10 15:00:00', 1),
(1, 8, '2025-2026-2', 'MAKEUP', 58.0, 'PENDING', '2026-07-12 10:00:00', 0);

-- ============================================================
-- 11. 成绩修改日志 (score_change_log)
-- ============================================================
INSERT INTO score_change_log (student_course_id, old_score, new_score, change_reason, operator_id, operator_name) VALUES
(5, 58.0, 66.0, '加分申请：平时成绩核分有误，经教务处审核通过', 14, '张明华');

-- ============================================================
-- 12. 考试安排 (exam_arrangement)
-- ============================================================
INSERT INTO exam_arrangement (course_id, course_name, semester, exam_name, exam_date, exam_time_start, exam_time_end, location, seat_number, supervisor_id, supervisor_name, student_count, status) VALUES
(1, '数据结构与算法',   '2025-2026-2', '期末考试', '2026-07-10', '09:00:00', '11:00:00', '教一楼A201', '01-60', 14, '张明华', 55, 'PUBLISHED'),
(2, '操作系统原理',     '2025-2026-2', '期末考试', '2026-07-11', '09:00:00', '11:00:00', '教一楼B102', '01-60', 15, '李芳',   52, 'PUBLISHED'),
(3, '数据库原理与应用', '2025-2026-2', '期末考试', '2026-07-12', '14:00:00', '16:00:00', '实验楼C301', '01-40', 14, '张明华', 38, 'PUBLISHED'),
(4, '人工智能导论',     '2025-2026-2', '期末考试', '2026-07-13', '09:00:00', '11:00:00', '教一楼A301', '01-60', 15, '李芳',   60, 'PUBLISHED'),
(7, '高等数学（下）',   '2025-2026-2', '期末考试', '2026-07-14', '09:00:00', '11:30:00', '教二楼A201', '01-80', 17, '赵文博', 70, 'PUBLISHED');

-- ============================================================
-- 13. 等级考试 (level_exam)
-- ============================================================
INSERT INTO level_exam (exam_name, exam_code, category, level, registration_start, registration_end, exam_date, fee, description, status) VALUES
('全国大学英语四级考试(CET-4)', 'CET4-202612', '英语', 'CET-4', '2026-09-01', '2026-10-15', '2026-12-12', 30.00, '2026年下半年全国大学英语四级考试', 'REGISTERING'),
('全国大学英语六级考试(CET-6)', 'CET6-202612', '英语', 'CET-6', '2026-09-01', '2026-10-15', '2026-12-12', 35.00, '2026年下半年全国大学英语六级考试，需通过CET-4', 'REGISTERING'),
('全国计算机等级考试二级(Java)', 'NCRE2J-202609', '计算机', '二级', '2026-07-01', '2026-08-20', '2026-09-23', 80.00, '全国计算机等级考试二级Java语言程序设计', 'REGISTERING');

-- ============================================================
-- 14. 等级考试报名 (level_exam_registration)
-- ============================================================
INSERT INTO level_exam_registration (exam_id, student_id, registration_time, payment_status, exam_status, score, is_passed) VALUES
(1, 1, '2026-07-10 10:00:00', 1, NULL, NULL, NULL),
(1, 7, '2026-07-10 11:00:00', 1, NULL, NULL, NULL),
(1, 8, '2026-07-11 09:00:00', 0, NULL, NULL, NULL),
(3, 1, '2026-07-12 14:00:00', 1, NULL, NULL, NULL);

-- ============================================================
-- 15. 教学评教 (teaching_evaluation)
-- ============================================================
INSERT INTO teaching_evaluation (student_id, teacher_id, course_id, semester, dimension1_score, dimension2_score, dimension3_score, dimension4_score, overall_score, comment, is_anonymous, status) VALUES
(1, 14, 1, '2025-2026-2', 5, 4, 5, 5, 4.75, '张老师讲课深入浅出，课堂互动很好，课件制作精良。', 1, 'SUBMITTED'),
(1, 15, 2, '2025-2026-2', 4, 4, 4, 5, 4.25, '李老师认真负责，课后答疑耐心。', 1, 'SUBMITTED'),
(7, 14, 1, '2025-2026-2', 5, 5, 4, 5, 4.75, '很好的一门课，收获很大。', 1, 'SUBMITTED'),
(8, 15, 4, '2025-2026-2', 4, 3, 4, 4, 3.75, '希望增加更多实践环节。', 1, 'SUBMITTED');

-- ============================================================
-- 16. 一卡通 (card) + 消费记录
-- ============================================================
INSERT INTO card (user_id, card_no, balance, card_status, issue_date, expire_date, daily_limit) VALUES
(1,  '202311258801', 256.50, 'NORMAL', '2023-09-01', '2027-07-01', 200.00),
(7,  '202311200301', 1080.00, 'NORMAL', '2023-09-01', '2027-07-01', 200.00),
(8,  '202311200401', 45.30,  'NORMAL', '2023-09-01', '2027-07-01', 200.00),
(11, '202411200301', 520.00, 'NORMAL', '2024-09-01', '2028-07-01', 200.00),
(14, 'T202300101',    1800.00, 'NORMAL', '2023-03-01', '2030-03-01', 500.00);

INSERT INTO card_transaction (user_id, card_no, transaction_type, amount, balance, merchant, transaction_time, transaction_no, sync_status) VALUES
(1, '202311258801', 'CONSUME', 12.00, 256.50, '第一食堂二楼3号窗口', '2026-07-16 12:05:00', 'TXN202607161205001', 1),
(1, '202311258801', 'CONSUME', 8.00,  268.50, '第一食堂一楼1号窗口', '2026-07-15 12:10:00', 'TXN202607151210001', 1),
(1, '202311258801', 'CONSUME', 15.00, 276.50, '第二食堂三楼5号窗口', '2026-07-14 18:20:00', 'TXN202607141820001', 1),
(1, '202311258801', 'CONSUME', 3.50,  291.50, '校园超市A区',       '2026-07-13 10:00:00', 'TXN202607131000001', 1),
(1, '202311258801', 'RECHARGE', 200.00, 295.00, '支付宝充值',        '2026-07-10 08:00:00', 'TXN202607100800001', 1),
(7, '202311200301', 'CONSUME', 18.00, 1080.00, '第一食堂二楼3号窗口', '2026-07-16 12:30:00', 'TXN202607161230001', 1),
(7, '202311200301', 'CONSUME', 22.00, 1098.00, '第二食堂三楼5号窗口', '2026-07-15 18:00:00', 'TXN202607151800001', 1),
(7, '202311200301', 'RECHARGE', 500.00, 1120.00, '微信充值',         '2026-07-10 09:00:00', 'TXN202607100900001', 1),
(8, '202311200401', 'CONSUME', 12.00, 45.30, '第一食堂一楼1号窗口', '2026-07-16 12:00:00', 'TXN202607161200001', 1),
(8, '202311200401', 'CONSUME', 10.00, 57.30, '校园超市A区',         '2026-07-15 16:00:00', 'TXN202607151600001', 1),
(11, '202411200301', 'CONSUME', 15.00, 520.00, '第二食堂三楼5号窗口', '2026-07-16 12:15:00', 'TXN202607161215001', 1),
(14, 'T202300101', 'CONSUME', 25.00, 1800.00, '教工食堂',           '2026-07-16 12:00:00', 'TXN202607161200002', 1);

-- ============================================================
-- 17. 缴费记录 (payment_record)
-- ============================================================
INSERT INTO payment_record (student_id, semester, payment_type, total_amount, paid_amount, payment_status, payment_time, payment_method, payment_no, remark) VALUES
(1, '2025-2026-1', 'TUITION', 5000.00, 5000.00, 'PAID',   '2025-09-01 10:00:00', 'ALIPAY', 'PAY202509010001', '2025-2026学年第一学期学费'),
(1, '2025-2026-2', 'TUITION', 5000.00, 5000.00, 'PAID',   '2026-02-20 09:00:00', 'ALIPAY', 'PAY202602200001', '2025-2026学年第二学期学费'),
(7, '2025-2026-1', 'TUITION', 5000.00, 5000.00, 'PAID',   '2025-09-02 14:00:00', 'WECHAT', 'PAY202509020001', NULL),
(7, '2025-2026-2', 'TUITION', 5000.00, 3000.00, 'PARTIAL','2026-02-22 16:00:00', 'WECHAT', 'PAY202602220001', '部分缴纳，欠费2000元'),
(8, '2025-2026-1', 'TUITION', 5000.00, 5000.00, 'PAID',   '2025-09-01 09:00:00', 'ALIPAY', 'PAY202509010002', NULL),
(8, '2025-2026-2', 'TUITION', 5000.00, 0.00,    'UNPAID', NULL, NULL, NULL, '尚未缴费'),
(1, '2025-2026-1', 'DORM',    1200.00, 1200.00, 'PAID',   '2025-09-01 10:00:00', 'ALIPAY', 'PAY202509010003', '住宿费'),
(1, '2025-2026-2', 'DORM',    1200.00, 1200.00, 'PAID',   '2026-02-20 09:00:00', 'ALIPAY', 'PAY202602200003', '住宿费');

-- ============================================================
-- 18. 学生申请 (student_application) - 奖学金/助学金/贷款/困难生
-- ============================================================
INSERT INTO student_application (student_id, application_type, title, content, semester, status, submit_time, review_comment, review_time, reviewer_id) VALUES
(1, 'SCHOLARSHIP', '2025-2026学年国家励志奖学金申请',
 '本人学习成绩优异，学年平均绩点3.8，获校级三好学生、优秀学生干部等荣誉称号。家庭经济困难，符合国家励志奖学金申请条件。',
 '2025-2026-2', 'APPROVED', '2026-04-15 10:00:00', '材料齐全，条件符合，同意推荐。', '2026-05-10 14:00:00', 14),
(7, 'SUBSIDY', '家庭经济困难学生认定申请',
 '本人来自农村低保家庭，父母务农，年收入不足2万元。本人申请认定为家庭经济困难学生，以便获取国家和学校的资助。',
 '2025-2026-2', 'PENDING', '2026-06-20 16:00:00', NULL, NULL, NULL),
(8, 'LOAN', '生源地信用助学贷款申请',
 '因家庭经济原因，本人申请生源地信用助学贷款8000元/年，用于缴纳学费和住宿费。',
 '2025-2026-2', 'APPROVED', '2026-06-01 09:00:00', '家庭经济情况属实，同意申请。', '2026-06-15 10:00:00', 14),
(11, 'SCHOLARSHIP', '校级优秀学生奖学金申请',
 '本人上学期平均分92分，班级排名第1，积极参加学科竞赛和社会实践活动，申请校级优秀学生奖学金。',
 '2025-2026-2', 'PENDING', '2026-07-05 08:00:00', NULL, NULL, NULL);

-- ============================================================
-- 19. 竞赛报名 (competition_registration)
-- ============================================================
INSERT INTO competition_registration (competition_name, student_id, team_name, teammates, advisor, status, registration_time) VALUES
('全国大学生计算机设计大赛', 1, '智创未来', '虎一铭,李明远,王思雨', '张明华', 'APPROVED', '2026-03-15 10:00:00'),
('全国大学生数学建模竞赛', 13, '数模先锋', '吴昊,张浩然,刘雨桐', '赵文博', 'PENDING', '2026-07-01 14:00:00'),
('"互联网+"大学生创新创业大赛', 7, '绿色能源团队', '张浩然,李明远', '李芳', 'APPROVED', '2026-04-20 09:00:00');

-- ============================================================
-- 20. 心理咨询预约 (consultation_appointment)
-- ============================================================
INSERT INTO consultation_appointment (student_id, consultant_name, appointment_date, appointment_time, topic, status, feedback) VALUES
(8, '陈心怡（心理咨询师）', '2026-07-18', '14:30-15:20', '学业压力与时间管理', 'CONFIRMED', NULL),
(1, '陈心怡（心理咨询师）', '2026-06-15', '10:00-10:50', '人际关系困扰', 'COMPLETED', '咨询效果良好，学生反馈情绪明显改善，建议继续观察。');

-- ============================================================
-- 21. 实践项目预约 (practice_project_registration)
-- ============================================================
INSERT INTO practice_project_registration (project_name, student_id, teacher_id, project_date, duration, lab_location, status, registration_time) VALUES
('嵌入式系统开发实训', 1, 14, '2026-07-20', 5, '实验楼A401', 'APPROVED', '2026-07-01 10:00:00'),
('机器人控制实验', 7, 15, '2026-07-25', 3, '实验楼B201', 'PENDING', '2026-07-05 14:00:00'),
('大数据分析平台搭建', 8, 14, '2026-08-01', 7, '实验楼C301', 'APPROVED', '2026-07-03 09:00:00');

-- ============================================================
-- 22. 科研项目 (scientific_research)
-- ============================================================
INSERT INTO scientific_research (teacher_id, project_name, project_code, project_type, fund_amount, start_date, end_date, status, members, achievements) VALUES
(14, '基于深度学习的智慧校园行为分析系统', 'NSFC-2025-K01', '国家级', 500000.00, '2025-01-01', '2027-12-31', 'IN_PROGRESS', '张明华,李芳,虎一铭', '已发表SCI论文2篇，申请发明专利1项'),
(14, '大规模在线教育平台关键技术研究', 'PRJ-2025-002', '省级', 200000.00, '2025-06-01', '2027-06-01', 'IN_PROGRESS', '张明华,赵俊杰', '已完成系统原型开发'),
(15, '云原生数据库性能优化研究', 'PRJ-2025-003', '省级', 150000.00, '2025-03-01', '2026-12-31', 'IN_PROGRESS', '李芳,李明远', '发表核心期刊论文1篇'),
(16, '数字经济背景下企业数字化转型路径研究', 'PRJ-2025-004', '校级', 80000.00, '2025-09-01', '2026-12-31', 'IN_PROGRESS', '王建国', '已完成调研报告'),
(17, '非线性偏微分方程数值解法研究', 'NSFC-2024-M01', '国家级', 350000.00, '2024-01-01', '2026-12-31', 'COMPLETED', '赵文博,吴昊', '发表SCI论文3篇，获省自然科学奖二等奖');

-- ============================================================
-- 23. 毕业设计 (graduation_design)
-- ============================================================
INSERT INTO graduation_design (student_id, teacher_id, topic_name, topic_description, semester, status, teacher_comment, announcement, submit_time, defense_time, score) VALUES
(1, 14, '基于Spring Boot的校园服务平台设计与实现',
 '设计并实现一个功能完善的智慧校园服务平台，包含用户管理、课程管理、成绩管理、一卡通管理等核心模块，采用前后端分离架构。',
 '2025-2026-2', 'IN_PROGRESS',
 '选题具有实际应用价值，技术方案合理。建议在安全性方面加强设计，特别是权限控制和数据加密。',
 '请各位同学于7月15日前提交开题报告，8月1日前完成中期检查。\n答辩时间暂定12月20日。',
 '2026-06-01 10:00:00', '2026-12-20 09:00:00', NULL),
(7, 15, '基于机器学习的学业预警系统',
 '利用机器学习算法对学生成绩数据进行挖掘分析，构建学业预警模型，提前识别有挂科风险的学生。',
 '2025-2026-2', 'IN_PROGRESS',
 '研究思路清晰，数据来源可行，预警模型设计合理。',
 '开题报告截止日期7月18日。',
 '2026-06-05 14:00:00', '2026-12-22 14:00:00', NULL),
(8, 14, '校园一卡通大数据分析平台',
 '对校园一卡通消费数据进行大数据分析，挖掘学生消费行为模式，为学校管理决策提供数据支持。',
 '2025-2026-2', 'IN_PROGRESS',
 NULL,
 NULL,
 '2026-06-10 09:00:00', NULL, NULL);

-- ============================================================
-- 24. 公文 (document)
-- ============================================================
INSERT INTO document (title, content, document_type, submitter_id, submitter_name, department, status, approver_id, approver_name, approval_comment, submit_time, approval_time) VALUES
('计算机学院关于采购AI实训服务器的申请',
 '教务处：\n计算机学院2025年获批人工智能新专业，现急需采购AI实训服务器10台（含GPU集群），预算总计约120万元。请审批。\n附：设备清单及技术参数。',
 'APPLY', 14, '张明华', '计算机学院', 'APPROVED', 3, '徐娅',
 '同意采购。请按照学校采购流程执行，确保设备质量和售后服务。', '2026-06-01 10:00:00', '2026-06-10 15:00:00'),

('关于2026年暑期实验室开放安排的通知',
 '各学院：\n为方便师生暑期开展科研和实验活动，实验楼A、B区暑假期间正常开放，C区7月25日至8月20日关闭检修。请各学院通知相关师生。',
 'NOTICE', 3, '徐娅', '校办', 'PENDING', NULL, NULL, NULL, '2026-07-15 09:00:00', NULL),

('经管学院关于开设"数字经济"新课程的申请',
 '教务处：\n为适应数字经济发展需求，经管学院拟在2026-2027学年第一学期开设"数字经济导论"课程，2学分，32学时。课程大纲及教学计划附后。请审批。',
 'APPLY', 16, '王建国', '经管学院', 'PENDING', 3, '徐娅', NULL, '2026-07-10 14:00:00', NULL);

-- ============================================================
-- 25. 工作计划 (work_plan)
-- ============================================================
INSERT INTO work_plan (user_id, user_name, title, content, plan_date, plan_type, department, priority, status, finish_time) VALUES
(3, '徐娅', '审核各学院下学期课程安排', '审核教务处提交的各学院2026-2027学年第一学期课程安排表，确保课程设置合理。', '2026-07-17', 'WORK', '校办', 'HIGH', 'IN_PROGRESS', NULL),
(3, '徐娅', '参加校务会议', '参加校长主持的校务会议，讨论新学期工作安排和预算分配。', '2026-07-18', 'MEETING', '校办', 'HIGH', 'PENDING', NULL),
(3, '徐娅', '新学期工作计划制定', '制定2026-2027学年第一学期工作计划，包括教学督导、科研推进、师资建设等。', '2026-07-20', 'WORK', '校办', 'MEDIUM', 'PENDING', NULL),
(14, '张明华', '期末考试成绩录入', '完成数据结构与算法、数据库原理与应用课程的期末考试成绩录入和审核。', '2026-07-17', 'WORK', '计算机学院', 'HIGH', 'COMPLETED', '2026-07-17 16:00:00'),
(14, '张明华', '科研项目中期报告撰写', '撰写国家自然科学基金项目中期进展报告，整理已发表论文和申请专利材料。', '2026-07-19', 'WORK', '计算机学院', 'MEDIUM', 'IN_PROGRESS', NULL);

-- ============================================================
-- 26. 系统配置 (sys_config)
-- ============================================================
INSERT INTO sys_config (config_key, config_value, config_desc, config_type, status, updated_by) VALUES
('password_expire_days', '90', '密码有效期（天）', 'SECURITY', 1, 4),
('login_fail_lock_count', '5', '登录失败锁定次数', 'SECURITY', 1, 4),
('login_fail_lock_minutes', '30', '登录失败锁定时长（分钟）', 'SECURITY', 1, 4),
('captcha_enabled', 'true', '是否启用验证码', 'SECURITY', 1, 4),
('captcha_expire_seconds', '300', '验证码有效期（秒）', 'SECURITY', 1, 4),
('semester_current', '2025-2026-2', '当前学期', 'ACADEMIC', 1, 4),
('max_course_select', '30', '每学期最大选课学分', 'ACADEMIC', 1, 4),
('evaluation_start_date', '2026-06-01', '评教开始日期', 'ACADEMIC', 1, 4),
('evaluation_end_date', '2026-07-20', '评教结束日期', 'ACADEMIC', 1, 4),
('card_daily_limit_default', '200', '一卡通默认日消费限额（元）', 'SYSTEM', 1, 4),
('system_version', '1.0.0', '系统版本号', 'SYSTEM', 1, 4),
('system_name', '智慧校园服务平台', '系统名称', 'SYSTEM', 1, 4);

-- ============================================================
-- 27. 固定资产 (fixed_asset)
-- ============================================================
INSERT INTO fixed_asset (asset_name, asset_no, asset_type, model, price, purchase_date, department, user_id, user_name, location, status, remark) VALUES
('高性能服务器',    'FA20260101', 'IT设备', '华为RH2288 V5',   85000.00, '2026-01-15', '计算机学院', NULL, NULL, '实验楼A401', 'NORMAL', 'AI实训平台服务器'),
('GPU计算卡',       'FA20260102', 'IT设备', 'NVIDIA A100 80G',  120000.00, '2026-01-15', '计算机学院', NULL, NULL, '实验楼A401', 'NORMAL', NULL),
('投影仪',          'FA20260201', '教学设备', 'EPSON CB-L730U',  35000.00, '2026-03-01', '经管学院', NULL, NULL, '教三楼B301', 'NORMAL', '多媒体教室用'),
('实验台',          'FA20260202', '家具', '定制', 15000.00, '2026-03-01', '理学院', NULL, NULL, '实验楼B201', 'NORMAL', '物理实验室'),
('笔记本电脑',      'FA20260301', 'IT设备', 'ThinkPad X1 Carbon', 12000.00, '2025-12-01', '校办', 3, '徐娅', '行政楼301', 'NORMAL', '办公用'),
('空调',            'FA20260302', '电器', '格力KFR-72LW', 8000.00, '2026-05-01', '计算机学院', 14, '张明华', '教一楼A201', 'NORMAL', NULL);

-- ============================================================
-- 28. 实验室 (lab)
-- ============================================================
INSERT INTO lab (lab_name, lab_code, location, capacity, area, equipment_desc, department, manager_id, manager_name, lab_type, status, open_time) VALUES
('AI与大数据实验室',     'LAB-A401', '实验楼A401', 40, 120.00, '高性能服务器3台、GPU工作站20台、深度学习开发套件40套', '计算机学院', 14, '张明华', 'COMPUTER', 'OPEN', '周一至周五 8:00-22:00'),
('软件工程实验室',       'LAB-A302', '实验楼A302', 50, 80.00, '高性能PC 50台、投影系统1套', '计算机学院', 15, '李芳', 'COMPUTER', 'OPEN', '周一至周五 8:00-22:00'),
('机器人创新实验室',     'LAB-B201', '实验楼B201', 20, 60.00, '工业机器人4台、3D打印机2台、嵌入式开发板30套', '理学院', 17, '赵文博', 'PHYSICS', 'OPEN', '周一至周五 8:00-18:00'),
('企业经营沙盘实验室',   'LAB-C401', '教三楼C401', 30, 50.00, '沙盘模拟系统1套、PC 30台', '经管学院', 16, '王建国', 'BUSINESS', 'MAINTENANCE', '周一至周五 8:00-17:00');

-- ============================================================
-- 29. AI知识库 (ai_knowledge_base)
-- ============================================================
INSERT INTO ai_knowledge_base (role_type, intent_type, question_keywords, question_patterns, function_code, answer_template, redirect_url, sort_order, status, hit_count) VALUES
('STUDENT', 'QUERY', '查成绩,我的成绩,成绩查询,考试成绩', '我(想|要)查.*成绩', 'S-07',
 '您好，成绩查询功能位于"课程成绩 → 我的成绩查询"模块。您可以按学期筛选查看在校期间所有课程成绩，补考/重修会有特殊标识。\n\n👉 [点击前往成绩查询](#)',
 '/student/course/score', 1, 1, 0),
('STUDENT', 'QUERY', '课表,我的课表,课程表,这周有什么课', '(我|我的|这周).*课表', 'S-05',
 '您好，您可以在"课程管理 → 我的课表"中查看本学期课程安排，支持周次视图和列表视图两种展示方式。\n\n👉 [点击查看课表](#)',
 '/student/course/schedule', 2, 1, 0),
('STUDENT', 'QUERY', '饭卡,一卡通,校园卡,余额,消费', '(我|查|看).*(饭卡|一卡通|校园卡|余额)', 'S-12',
 '您好，您的一卡通信息可在"一卡通 → 一卡通信息"中查看，包括当前余额和最近5笔消费记录。\n\n👉 [点击查看一卡通](#)',
 '/student/card/info', 3, 1, 0),
('STUDENT', 'QUERY', '缴费,学费,欠费', '(我|查|看).*(缴费|学费|欠费)', 'S-13',
 '您好，学费缴费信息可在"一卡通 → 学费缴费信息"中查看，包括在校期间所有缴费/欠费明细。\n\n👉 [点击查看缴费](#)',
 '/student/payment/info', 4, 1, 0),
('STUDENT', 'GUIDE', '贫困生,助学金,奖学金,困难,贷款', '(怎么|如何).*(申请|办理).*(贫困生|助学金|奖学金|困难|贷款)', 'S-14',
 '您好，奖学金/助学金/贷款等申请在"学生服务 → 快捷入口"中办理。\n\n📋 所需材料：\n1. 填写完整的申请表\n2. 家庭经济情况证明（助学金/贷款需要）\n3. 成绩单（奖学金需要）\n4. 身份证复印件\n\n👉 [点击办理](#)',
 '/student/service/apply', 5, 1, 0),
('STUDENT', 'QUERY', '考试安排,考试时间,考试地点,座位号', '(查|看|我).*(考试|考场)', 'S-08',
 '您好，期末考试安排可在"考试评教 → 考试安排查询"中查看，包括考试时间、地点和座位号。\n\n👉 [点击查看考试安排](#)',
 '/student/exam/arrangement', 6, 1, 0),
('STUDENT', 'NAVIGATION', '评教,评价老师', '(我|怎么).*评教', 'S-09',
 '您好，网上评教功能位于"考试评教 → 网上评教"模块。您可以对授课教师进行匿名打分评价。当前评教开放时间为2026年6月1日至7月20日。\n\n👉 [点击进入评教](#)',
 '/student/exam/evaluation', 7, 1, 0),
('TEACHER', 'QUERY', '我的课,任课,学生名单', '(我|我的|查).*(课|任课|学生名单)', 'T-04',
 '您好，您可以在"课程管理 → 任课信息查询"中查看本周课程安排，点击课程可查看选课学生名单。\n\n👉 [点击查看任课信息](#)',
 '/teacher/course/schedule', 1, 1, 0),
('TEACHER', 'QUERY', '录入成绩,成绩录入', '(录入|登记).*成绩', 'T-05',
 '您好，成绩录入功能位于"课程管理 → 考试成绩录入"。请选择课程和学生后录入成绩，支持通过/不及格/缓考/缺考/作弊等标识。\n\n👉 [点击录入成绩](#)',
 '/teacher/course/score', 2, 1, 0),
('LEADER', 'QUERY', '报到率,新生,报到统计', '(查|今年|新生).*报到', 'L-08',
 '您好，新生报到统计位于"数据统计 → 新生报到统计"，可查看全校及各学院报到总数、报到率和生源地分布（含ECharts可视化图表）。\n\n👉 [点击查看统计](#)',
 '/leader/statistics/enrollment', 1, 1, 0),
('LEADER', 'QUERY', '缴费率,欠费,注册缴费', '(查|缴费率|欠费|注册缴费)', 'L-09',
 '您好，注册缴费统计位于"数据统计 → 注册缴费统计"，可查看全校及各学院注册人数、缴费率和欠费总额。\n\n👉 [点击查看统计](#)',
 '/leader/statistics/payment', 2, 1, 0),
('LEADER', 'QUERY', '在校生,学生数量,学生分布', '(查|在校生|学生.*(数量|分布|统计))', 'L-11',
 '您好，在校生总量统计位于"数据统计 → 在校生总量统计"，可按学院/专业/年级查看在校生分布（含ECharts饼图和柱状图）。\n\n👉 [点击查看统计](#)',
 '/leader/statistics/student-count', 3, 1, 0),
('ADMIN', 'QUERY', '登录人数,活跃用户,系统运行', '(今天|昨天|有多少).*(登录|活跃)', 'A-02',
 '您好，系统运行状态可在"系统管理 → 仪表盘"中查看，包括今日活跃用户数、待审核注册数、待审批公文数等关键指标。\n\n👉 [点击查看仪表盘](#)',
 '/admin/dashboard', 1, 1, 0),
('ALL', 'NAVIGATION', '帮助,功能,怎么用', '(帮助|功能列表|怎么用|有哪些功能)', 'AI-01',
 '您好！我是智慧校园AI助手，可以帮您：\n\n📌 **快速查询**：成绩、课表、一卡通余额、缴费信息等\n📌 **业务指引**：奖学金申请、考试报名、评教等\n📌 **数据统计**：新生报到率、缴费率、在校生分布等\n\n您可以直接输入问题，我会为您提供精准的答案和快捷入口。',
 NULL, 99, 1, 0);

-- ============================================================
-- 30. 登录日志 (login_log)
-- ============================================================
INSERT INTO login_log (user_id, identity_number, login_type, ip_address, location, device_info, login_time, status, fail_reason) VALUES
(1, '2023112588', 'PASSWORD', '10.10.1.100', '校内', 'Chrome/Windows', '2026-07-17 09:22:20', 'SUCCESS', NULL),
(1, '2023112588', 'PASSWORD', '10.10.1.100', '校内', 'Chrome/Windows', '2026-07-16 21:09:52', 'SUCCESS', NULL),
(2, '2023112618', 'PASSWORD', '10.10.2.50',  '校内', 'Firefox/Mac', '2026-07-17 09:22:20', 'SUCCESS', NULL),
(3, '2023112580', 'PASSWORD', '10.10.3.200', '校内', 'Edge/Windows', '2026-07-17 09:28:52', 'SUCCESS', NULL),
(4, 'admin', 'PASSWORD', '10.10.1.1', '校内', 'Chrome/Windows', '2026-07-17 09:30:00', 'SUCCESS', NULL),
(1, '2023112588', 'PASSWORD', '10.10.1.100', '校内', 'Chrome/Windows', '2026-07-15 08:00:00', 'FAIL', '密码错误'),
(2, '2023112618', 'PASSWORD', '10.10.2.50',  '校内', 'Firefox/Mac', '2026-07-14 15:00:00', 'FAIL', '密码错误');

-- ============================================================
-- 31. 注册申请 (register_application) - 待审核
-- ============================================================
INSERT INTO register_application (identity_number, id_card_last6, name, user_type, department, major, phone, email, password_hash, status, apply_time) VALUES
('2025111001', '$2a$10$qt.pr.Z3Xq9LuykYhuvZZei0Hf3cuZhOlH3TyWaMDVgwy4aUukgKu', '欧阳星辰', 'STUDENT', '计算机学院', '软件工程', '13901003001', 'ouyang@qq.com', '$2a$10$qt.pr.Z3Xq9LuykYhuvZZei0Hf3cuZhOlH3TyWaMDVgwy4aUukgKu', 'PENDING', '2026-07-16 10:00:00'),
('2025111002', '$2a$10$qt.pr.Z3Xq9LuykYhuvZZei0Hf3cuZhOlH3TyWaMDVgwy4aUukgKu', '慕容雪',   'STUDENT', '经管学院', '工商管理', '13901003002', 'murong@qq.com', '$2a$10$qt.pr.Z3Xq9LuykYhuvZZei0Hf3cuZhOlH3TyWaMDVgwy4aUukgKu', 'PENDING', '2026-07-16 14:00:00'),
('T2025001',   '$2a$10$qt.pr.Z3Xq9LuykYhuvZZei0Hf3cuZhOlH3TyWaMDVgwy4aUukgKu', '林雨薇',   'TEACHER', '计算机学院', '', '13901003003', 'linyuwei@sc.edu.cn', '$2a$10$qt.pr.Z3Xq9LuykYhuvZZei0Hf3cuZhOlH3TyWaMDVgwy4aUukgKu', 'PENDING', '2026-07-17 08:00:00');

-- ============================================================
-- 完成
-- ============================================================
SELECT '测试数据插入完成！' AS message;
